payment_id,order_id,merchant_id,amount,currency,method,status,fee,tax,net_amount,created_at,captured_at,settlement_id,notes
pay_BkDa9U4UqGWlG6,order_g3Ot1OGMmjxWkI,acc_ACMERT0001,4852440,INR,wallet,captured,84918,15285,4752237,2026-06-30 07:38:20,2026-06-30 07:38:28,setl_Al2HLzOK45yVqT,
pay_SBvrjn9Wvgfygw,order_2wMqZcUDIh7yfJ,acc_ACMERT0001,144800,INR,card,captured,2896,521,141383,2026-06-30 13:45:04,2026-06-30 13:45:19,setl_Al2HLzOK45yVqT,
pay_7x41Ztpdp4K8ff,order_UF0eWIXiiQE8Jk,acc_ACMERT0001,643692,INR,card,captured,12874,2317,628501,2026-06-30 13:59:34,2026-06-30 13:59:47,setl_Al2HLzOK45yVqT,
pay_Ru1XXdo0cZuzre,order_n68K4TunPFz46P,acc_ACMERT0001,26162,INR,upi,captured,0,0,26162,2026-06-30 15:47:37,2026-06-30 15:48:15,setl_Al2HLzOK45yVqT,
pay_zxoiGFfWd3hjOk,order_YRBMeyyMDHqJ38,acc_ACMERT0001,914825,INR,card,captured,18296,3293,893236,2026-06-30 15:49:41,2026-06-30 15:50:00,setl_Al2HLzOK45yVqT,
pay_bVrpoiVgRV5IfL,order_BcbfnoGMbJmTPS,acc_ACMERT0001,48618,INR,upi,captured,0,0,48618,2026-06-30 15:51:55,2026-06-30 15:52:06,setl_Al2HLzOK45yVqT,
pay_Xsf2o3gyrDO1xk,order_xwnQrS7RPeMOkI,acc_ACMERT0001,34867,INR,upi,captured,0,0,34867,2026-06-30 15:59:40,2026-06-30 15:59:55,setl_Al2HLzOK45yVqT,
pay_TtzQPxC5HChpoe,order_vbLJoLoaeTOdoe,acc_ACMERT0001,274299,INR,netbanking,captured,5212,938,268149,2026-06-30 23:15:17,2026-06-30 23:15:31,setl_Al2HLzOK45yVqT,
pay_6vNuQ2hU5tGtQA,order_uzSsJimAQ8yRV5,acc_ACMERT0001,156450,INR,card,captured,3129,563,152758,2026-07-01 07:19:18,2026-07-01 07:19:56,setl_TSPJ0oDrK1dDNC,
pay_7eaDNKgeInGqi7,order_w4e4pxskC1ITtN,acc_ACMERT0001,754634,INR,wallet,captured,13206,2377,739051,2026-07-01 07:42:52,2026-07-01 07:42:59,setl_TSPJ0oDrK1dDNC,
pay_84iqh4gVJjrsMn,order_TvnRO2qGFq562d,acc_ACMERT0001,122530,INR,card,captured,2451,441,119638,2026-07-01 08:00:21,2026-07-01 08:00:38,setl_TSPJ0oDrK1dDNC,
pay_MPuDCCRnGEY59Y,order_VkQfsGQONvf08W,acc_ACMERT0001,23050,INR,card,captured,461,83,22506,2026-07-01 11:01:02,2026-07-01 11:01:33,setl_TSPJ0oDrK1dDNC,
pay_q7YYDsBS9UYJQT,order_Fjmsn9dLVIdVud,acc_ACMERT0001,189231,INR,card,captured,3785,681,184765,2026-07-01 12:03:32,2026-07-01 12:03:44,setl_TSPJ0oDrK1dDNC,
pay_BlrDp37eCZ32Jg,order_dPI1af7W2pkAFE,acc_ACMERT0001,65370,INR,card,failed,0,0,0,2026-07-01 12:24:00,,,
pay_iU74KKEpYEZAmg,order_gQBwBAD3UdRPPg,acc_ACMERT0001,314576,INR,card,captured,6292,1133,307151,2026-07-01 14:12:12,2026-07-01 14:12:21,setl_TSPJ0oDrK1dDNC,
pay_wXJ43ANVj77p3k,order_ZZl4AblV7vY7AZ,acc_ACMERT0001,460222,INR,upi,captured,0,0,460222,2026-07-01 15:10:50,2026-07-01 15:11:15,setl_TSPJ0oDrK1dDNC,
pay_eMeR3pzh84KpLM,order_cNfAQLKHu7qnQT,acc_ACMERT0001,18577,INR,card,failed,0,0,0,2026-07-01 16:29:20,,,
pay_3c2Eom06Dwt0Y3,order_oobQmzvr3e9Xrw,acc_ACMERT0001,190565,INR,upi,failed,0,0,0,2026-07-01 17:01:07,,,
pay_kVCJTBJahe84S5,order_jIc1xLJjBictx5,acc_ACMERT0001,1167331,INR,wallet,captured,20428,3677,1143226,2026-07-01 18:13:43,2026-07-01 18:13:50,setl_TSPJ0oDrK1dDNC,
pay_qlL9qcgMBwUYuB,order_MGhy5KmqcTBaH7,acc_ACMERT0001,101651,INR,netbanking,failed,0,0,0,2026-07-01 18:27:04,,,
pay_tWy2591AIVVIZM,order_5oForBFbyvQRZz,acc_ACMERT0001,333827,INR,upi,captured,0,0,333827,2026-07-02 07:58:25,2026-07-02 07:58:27,setl_iznQCtISRtvoKZ,
pay_0FgB9xO51DTjBl,order_UH9PrNZ6IXEDB0,acc_ACMERT0001,26088,INR,upi,captured,0,0,26088,2026-07-02 09:17:56,2026-07-02 09:18:26,setl_iznQCtISRtvoKZ,
pay_KR69yz8TmeLS1O,order_pgSXt2RMZhYKYc,acc_ACMERT0001,147142,INR,card,captured,2943,530,143669,2026-07-02 09:32:41,2026-07-02 09:33:08,setl_iznQCtISRtvoKZ,
pay_Wb8pm1bNjpiEQh,order_K8nDSqXxkMM9VT,acc_ACMERT0001,526147,INR,card,failed,0,0,0,2026-07-02 10:37:01,,,
pay_CYbfsozSptQLxE,order_JHwBVJvwSDrtqo,acc_ACMERT0001,17835,INR,card,captured,357,64,17414,2026-07-02 12:12:13,2026-07-02 12:12:31,setl_iznQCtISRtvoKZ,
pay_fPBi3DldqyunDu,order_vW4yrW81Aq1fEb,acc_ACMERT0001,32935,INR,upi,refunded,0,0,32935,2026-07-02 14:41:04,2026-07-02 14:41:07,,
pay_KNQyvbF2ulFnwZ,order_qvr4MS4rJaH8mf,acc_ACMERT0001,195536,INR,card,captured,3911,704,190921,2026-07-02 14:44:30,2026-07-02 14:45:02,setl_z0FgrLsN1He1Ns,
pay_DiZDQHJMu8W5CN,order_0U5GB16JC5kV3E,acc_ACMERT0001,868636,INR,upi,captured,0,0,868636,2026-07-02 15:49:49,2026-07-02 15:50:05,setl_iznQCtISRtvoKZ,
pay_ULWHMsg1msoxlt,order_aTIircdJsS8iO3,acc_ACMERT0001,10803,INR,upi,captured,0,0,10803,2026-07-02 16:30:30,2026-07-02 16:30:42,setl_iznQCtISRtvoKZ,
pay_rCeTsprvu5Ifij,order_oySjTneAAvIDAd,acc_ACMERT0001,55120,INR,card,failed,0,0,0,2026-07-02 19:30:00,,,
pay_2XeDA4OKmTSyFz,order_pjPSa5W3X4gXBo,acc_ACMERT0001,3172472,INR,card,captured,63449,11421,3097602,2026-07-02 21:03:35,2026-07-02 21:03:43,setl_iznQCtISRtvoKZ,
pay_9dq83Eh0ezFeKO,order_RdjjZK8tfphJWA,acc_ACMERT0001,436650,INR,upi,failed,0,0,0,2026-07-02 23:24:28,,,
pay_lLBO0FfEwAvuQg,order_2kvASFsQ8z0WJc,acc_ACMERT0001,31186,INR,upi,failed,0,0,0,2026-07-03 10:49:25,,,
pay_JAfo16hD8hP1jF,order_7TsGTrA1EEpDJj,acc_ACMERT0001,3131716,INR,card,refunded,62634,11274,3057808,2026-07-03 11:55:04,2026-07-03 11:55:31,,
pay_3LBtKNdN9Vg8Wn,order_OnqQfkplJekaAC,acc_ACMERT0001,58556,INR,upi,captured,0,0,58556,2026-07-03 14:18:45,2026-07-03 14:19:15,setl_Uhvfg8zKS8RyZA,
pay_WOT3gCkSt5bcuY,order_dswxBjpHAKRYlk,acc_ACMERT0001,150281,INR,card,captured,3006,541,146734,2026-07-03 14:31:58,2026-07-03 14:32:13,setl_Uhvfg8zKS8RyZA,
pay_0aQ3IDAdmHxNWF,order_OCWdnrJi7sC4SF,acc_ACMERT0001,3553792,INR,card,captured,71076,12794,3469922,2026-07-03 14:45:10,2026-07-03 14:45:11,setl_Uhvfg8zKS8RyZA,
pay_eEYqvNSzPf2v2R,order_2Iy9uOT4WF3IcN,acc_ACMERT0001,125334,INR,card,captured,2507,451,122376,2026-07-03 14:47:05,2026-07-03 14:47:12,setl_Uhvfg8zKS8RyZA,
pay_v7YGr0asUt1LLQ,order_F3jCIEwvJWIyD7,acc_ACMERT0001,25650,INR,card,captured,513,92,25045,2026-07-03 19:14:54,2026-07-03 19:14:57,setl_Uhvfg8zKS8RyZA,
pay_uVET6ZyyQY0PjF,order_9ciG9Lv3g32CgH,acc_ACMERT0001,19447,INR,netbanking,failed,0,0,0,2026-07-03 20:55:41,,,
pay_eRo7qYYOLQZ7mB,order_hIoPj6r0jedkYt,acc_ACMERT0001,502630,INR,upi,captured,0,0,502630,2026-07-03 21:07:29,2026-07-03 21:07:55,setl_AcXaOxTvZNxvag,
pay_8rGIFCfMc4BVuM,order_qbfo9R13KL8bWR,acc_ACMERT0001,95925,INR,netbanking,captured,1823,328,93774,2026-07-03 22:33:41,2026-07-03 22:33:59,,
pay_OqDqQa5ZD5sRIk,order_eC8wLtO9BSqD2t,acc_ACMERT0001,176670,INR,card,captured,3533,636,172501,2026-07-04 10:15:24,2026-07-04 10:16:01,setl_JdRxgka9Haauyt,
pay_D9ejW9o3RURz92,order_ZJxfYzaqIhDxRV,acc_ACMERT0001,147379,INR,upi,captured,0,0,147379,2026-07-04 10:43:14,2026-07-04 10:43:54,setl_JdRxgka9Haauyt,
pay_dE2zBRgFT6Ce5f,order_uMjeirNOLJTuyM,acc_ACMERT0001,162774,INR,upi,captured,0,0,162774,2026-07-04 10:50:44,2026-07-04 10:51:20,setl_JdRxgka9Haauyt,
pay_sSsb1QzraK3RXV,order_d6MVF155sXZoMZ,acc_ACMERT0001,115700,INR,card,failed,0,0,0,2026-07-04 11:40:06,,,
pay_bdYvpiYKne1WJn,order_Ln03ovXjY5Mar2,acc_ACMERT0001,3265827,INR,wallet,captured,57152,10287,3198388,2026-07-04 15:51:11,2026-07-04 15:51:13,setl_JdRxgka9Haauyt,
pay_iawYYpLublqdiV,order_AHhVeECXxGLgCG,acc_ACMERT0001,186695,INR,card,failed,0,0,0,2026-07-04 16:29:41,,,
pay_PctYCcLxUif6su,order_VAlmiYI4xHG6r1,acc_ACMERT0001,705254,INR,card,captured,14105,2539,688610,2026-07-04 16:47:55,2026-07-04 16:48:03,setl_JdRxgka9Haauyt,
pay_9JJvQhAw3Q8WB3,order_6Ud9sMtwgKGnjQ,acc_ACMERT0001,567121,INR,upi,captured,0,0,567121,2026-07-04 18:07:48,2026-07-04 18:08:03,setl_JdRxgka9Haauyt,
pay_U3nBC4oAv0DzAU,order_guBuQqx9jR7Eef,acc_ACMERT0001,16328,INR,netbanking,captured,310,56,15962,2026-07-04 18:51:08,2026-07-04 18:51:46,setl_JdRxgka9Haauyt,
pay_48Ju6NoPeO0D6S,order_tPAhic8ctFhgp4,acc_ACMERT0001,147258,INR,upi,captured,0,0,147258,2026-07-04 20:37:47,2026-07-04 20:38:14,setl_JdRxgka9Haauyt,
pay_Pg1FNA88rcSxnC,order_C8p2xgRxI5Pwdz,acc_ACMERT0001,4980439,INR,card,captured,99609,17930,4862900,2026-07-04 21:05:42,2026-07-04 21:06:21,setl_JdRxgka9Haauyt,
pay_CgZ51vTfGPlcpT,order_CCHHNkxx6syAXv,acc_ACMERT0001,31931,INR,upi,captured,0,0,31931,2026-07-05 09:21:06,2026-07-05 09:21:31,setl_Nc7I49Y8hZ7t7s,
pay_BLzHfz3tVvovXk,order_eGOhHGm5XwwU90,acc_ACMERT0001,16737,INR,upi,captured,0,0,16737,2026-07-05 11:16:12,2026-07-05 11:16:22,setl_Nc7I49Y8hZ7t7s,
pay_wBhsRRLFHQtcoz,order_Mdant8nXiWqsuh,acc_ACMERT0001,384229,INR,card,captured,7685,1383,375161,2026-07-05 11:24:34,2026-07-05 11:25:07,,
pay_sqU2Q96M3jvfLQ,order_j6wt9PSQziMT8f,acc_ACMERT0001,136108,INR,card,captured,2722,490,132896,2026-07-05 11:42:44,2026-07-05 11:43:18,setl_Nc7I49Y8hZ7t7s,
pay_2JX0NNRPJbM7Q1,order_SrblrSWt6vwal3,acc_ACMERT0001,68241,INR,card,failed,0,0,0,2026-07-05 11:47:40,,,
pay_WWPel8XOFDWKWL,order_CR74KPONu3OujC,acc_ACMERT0001,129382,INR,card,captured,2588,466,126328,2026-07-05 15:37:03,2026-07-05 15:37:08,setl_Nc7I49Y8hZ7t7s,
pay_fPQBGxbxtl8nv8,order_XFmoijes2YgGXI,acc_ACMERT0001,239581,INR,netbanking,refunded,4552,819,234210,2026-07-05 17:56:49,2026-07-05 17:57:28,,
pay_J1QZwez3VcBbD6,order_e3uKBKzTOAshzb,acc_ACMERT0001,40152,INR,wallet,captured,703,127,39322,2026-07-05 18:05:27,2026-07-05 18:05:43,setl_Nc7I49Y8hZ7t7s,
pay_fVHnyADvkxtUuX,order_8KMf4djkWNdRfr,acc_ACMERT0001,165879,INR,upi,captured,0,0,165879,2026-07-05 20:17:13,2026-07-05 20:17:21,setl_Nc7I49Y8hZ7t7s,
pay_tDCcdx1seP32fN,order_MGyDLJ9YV5cC6Z,acc_ACMERT0001,49649,INR,upi,failed,0,0,0,2026-07-05 22:32:09,,,
pay_yjkl1SXNZ5kUCc,order_AxRUpCNsWVYCoI,acc_ACMERT0001,4289887,INR,card,captured,85798,15444,4188645,2026-07-05 22:57:53,2026-07-05 22:58:30,setl_Nc7I49Y8hZ7t7s,
pay_CNa5fbqn1jJ8UM,order_HBhXspthdpAOYN,acc_ACMERT0001,42756,INR,upi,captured,0,0,42756,2026-07-06 07:40:32,2026-07-06 07:40:42,setl_Yzcwd66EZ16QTW,
pay_XLVWvicwIv0Pl1,order_XRDSEOlZieTX8D,acc_ACMERT0001,23072,INR,card,captured,461,83,22528,2026-07-06 08:20:59,2026-07-06 08:21:25,setl_Yzcwd66EZ16QTW,
pay_iHxzuPrp9hbVlF,order_Hy6JhqXqTCnNsS,acc_ACMERT0001,82148,INR,netbanking,captured,1561,281,80306,2026-07-06 11:54:04,2026-07-06 11:54:33,setl_Yzcwd66EZ16QTW,
pay_DZJiN4fetzTUEH,order_AXA0KeiuPeCDRH,acc_ACMERT0001,778083,INR,card,captured,15562,2801,759720,2026-07-06 12:49:08,2026-07-06 12:49:12,setl_Yzcwd66EZ16QTW,
pay_DXsXyGHA9k0mZM,order_i3qdPE3xJ7gT2H,acc_ACMERT0001,20506,INR,netbanking,captured,390,70,20046,2026-07-06 15:28:57,2026-07-06 15:29:25,setl_Yzcwd66EZ16QTW,
pay_UBfBM0lIsugfuQ,order_stCMTBkSCwCcU3,acc_ACMERT0001,164017,INR,netbanking,failed,0,0,0,2026-07-06 15:40:50,,,
pay_spNZkvkMuLy2fg,order_stCMTBkSCwCcU3,acc_ACMERT0001,164017,INR,netbanking,captured,3116,561,160340,2026-07-06 15:42:50,2026-07-06 15:42:53,setl_YVajIBF5f7YZSP,retry after failed attempt
pay_eQOzxGZVRk8bj2,order_MRYCciepXPxxy8,acc_ACMERT0001,167944,INR,upi,captured,0,0,167944,2026-07-06 18:23:28,2026-07-06 18:24:05,setl_Yzcwd66EZ16QTW,
pay_sBaNwpKAlQQfHx,order_e9HIGYGJby3EcO,acc_ACMERT0001,54257,INR,card,captured,1085,195,52977,2026-07-06 18:50:04,2026-07-06 18:50:11,setl_Yzcwd66EZ16QTW,
pay_0IEqcWPmsw3Xd3,order_PvrhZxB4zVC59y,acc_ACMERT0001,42605,INR,card,captured,852,153,41600,2026-07-06 18:59:51,2026-07-06 18:59:57,setl_Yzcwd66EZ16QTW,
pay_fZR92uQwTeJIs5,order_t2kTT7SOlYxGoh,acc_ACMERT0001,448235,INR,wallet,captured,7844,1412,438979,2026-07-06 22:01:23,2026-07-06 22:01:47,setl_Yzcwd66EZ16QTW,
pay_f86o0C4w7bAdzG,order_xpyfxobu7g1TPv,acc_ACMERT0001,28800,INR,netbanking,captured,547,98,28155,2026-07-06 22:44:53,2026-07-06 22:45:24,setl_Yzcwd66EZ16QTW,
pay_PREsIa2gBi4qUx,order_WzxczdKJmxJsey,acc_ACMERT0001,493308,INR,upi,captured,0,0,493308,2026-07-07 10:08:06,2026-07-07 10:08:28,setl_sulTf3i7HMM2gx,
pay_X1yj0RpcK8Shmb,order_CuAjASnAGXN6E3,acc_ACMERT0001,940058,INR,netbanking,captured,17861,3215,918982,2026-07-07 11:33:13,2026-07-07 11:33:44,setl_JENytFYXsXRSdH,
pay_Hjtkku7Tow88H5,order_s2fqmO9JriOtNI,acc_ACMERT0001,90421,INR,card,captured,1808,325,88288,2026-07-07 12:42:39,2026-07-07 12:43:18,setl_JENytFYXsXRSdH,
pay_kCAEDnvMju3TuU,order_3wziWxGJgupDhr,acc_ACMERT0001,13316,INR,upi,captured,0,0,13316,2026-07-07 16:24:55,2026-07-07 16:25:11,setl_JENytFYXsXRSdH,
pay_935k0u7KUumWkF,order_GDF4tFbf8zGD9p,acc_ACMERT0001,63248,INR,card,failed,0,0,0,2026-07-07 16:31:38,,,
pay_J8xWjmMGzGccci,order_TvZEHDjM5Giu7N,acc_ACMERT0001,128442,INR,card,captured,2569,462,125411,2026-07-07 17:32:53,2026-07-07 17:33:25,setl_JENytFYXsXRSdH,
pay_v17Kc03bfc8PXK,order_qPnXKANObF4OIs,acc_ACMERT0001,26048,INR,upi,captured,0,0,26048,2026-07-07 19:19:29,2026-07-07 19:19:33,setl_V9TBQu96WK3Sla,
pay_TKtE0bxvRhALtY,order_5U3SObMEq9PYXL,acc_ACMERT0001,811868,INR,upi,partially_refunded,0,0,811868,2026-07-07 22:10:33,2026-07-07 22:11:13,setl_JENytFYXsXRSdH,
pay_zHiUo1aWbtDRUI,order_BIy0opDwjrm74U,acc_ACMERT0001,37475,INR,upi,captured,0,0,37475,2026-07-08 07:15:13,2026-07-08 07:15:52,setl_RSc6ngD8l5oTue,
pay_RWmlN2O5z0BGuf,order_zQgliEu7paqypC,acc_ACMERT0001,2266452,INR,upi,partially_refunded,0,0,2266452,2026-07-08 07:16:41,2026-07-08 07:16:57,setl_RSc6ngD8l5oTue,
pay_4catKMg7vsDPIH,order_F48i2GDrmZhvkU,acc_ACMERT0001,22202,INR,upi,captured,0,0,22202,2026-07-08 07:47:21,2026-07-08 07:47:58,setl_RSc6ngD8l5oTue,
pay_r7JSrigNVLppdQ,order_5HoOodgAvTEgRX,acc_ACMERT0001,4896926,INR,card,failed,0,0,0,2026-07-08 12:26:41,,,
pay_cCMRT3dpVczCoI,order_nW3XdiGso06UKu,acc_ACMERT0001,536241,INR,upi,captured,0,0,536241,2026-07-08 14:19:56,2026-07-08 14:20:30,setl_RSc6ngD8l5oTue,
pay_uEwJ77YUrshKRI,order_y5z0w9XZjscs9T,acc_ACMERT0001,3751346,INR,card,captured,75027,13505,3662814,2026-07-08 15:47:30,2026-07-08 15:48:05,setl_RSc6ngD8l5oTue,
pay_yu9lD6IvIwRX3U,order_RPZSqNEm9prJto,acc_ACMERT0001,4234539,INR,wallet,captured,74104,13339,4147096,2026-07-08 16:45:13,2026-07-08 16:45:45,setl_RSc6ngD8l5oTue,
pay_WIZQ0nWpRWM3Yf,order_HCHTxe6Khd1J5G,acc_ACMERT0001,93132,INR,card,captured,1863,335,90934,2026-07-08 17:54:33,2026-07-08 17:54:47,setl_RSc6ngD8l5oTue,
pay_75e7EcsAlXiXPU,order_P9Ax5yC366yyfR,acc_ACMERT0001,339449,INR,wallet,failed,0,0,0,2026-07-08 18:07:11,,,
pay_v2AeHxeFtVtAbb,order_tShO68sxNoo9iE,acc_ACMERT0001,835163,INR,card,captured,16703,3007,815453,2026-07-08 18:26:44,2026-07-08 18:27:15,,exact duplicate record - system logging error
pay_dQhDtkzRG754TX,order_tShO68sxNoo9iE,acc_ACMERT0001,835163,INR,card,captured,16703,3007,815453,2026-07-08 18:26:44,2026-07-08 18:27:15,,
pay_TLFf5GCZdDiGAD,order_KdJDRZtUbzq0aV,acc_ACMERT0001,37767,INR,card,captured,755,136,36876,2026-07-08 18:44:04,2026-07-08 18:44:08,setl_RSc6ngD8l5oTue,
pay_4EEPmW9susPd6X,order_fPKoIVU27c66lA,acc_ACMERT0001,12381,INR,netbanking,captured,235,42,12104,2026-07-08 19:50:31,2026-07-08 19:50:50,setl_RSc6ngD8l5oTue,
pay_Z86lg6gHjpmNHq,order_0wrYzfx9zDKpSo,acc_ACMERT0001,284532,INR,card,captured,5691,1024,277817,2026-07-09 08:05:25,2026-07-09 08:06:01,setl_47BRKT35Otn84P,
pay_ZD6dJA9AJHiypq,order_nvPf7C2xfIU1md,acc_ACMERT0001,60367,INR,card,captured,1207,217,58943,2026-07-09 09:12:51,2026-07-09 09:13:27,setl_47BRKT35Otn84P,
pay_l72ub9nLjW0T0z,order_7etkKpK12yR5Iv,acc_ACMERT0001,922794,INR,card,failed,0,0,0,2026-07-09 09:32:47,,,
pay_xG4FDgZUEW1u6n,order_xuAcK3oVjbqJ7L,acc_ACMERT0001,89953,INR,upi,captured,0,0,89953,2026-07-09 13:21:14,2026-07-09 13:21:30,setl_47BRKT35Otn84P,
pay_WaAi1OoeTjanGD,order_xdNOQ7N6EQFbaI,acc_ACMERT0001,44695,INR,upi,captured,0,0,44695,2026-07-09 15:34:18,2026-07-09 15:34:46,setl_47BRKT35Otn84P,
pay_EdOaSkfF2BPYvK,order_2g5H6con53S4KE,acc_ACMERT0001,3870702,INR,card,captured,77414,13935,3779353,2026-07-09 15:57:34,2026-07-09 15:57:37,,
pay_nEn36vt96an7m9,order_VhVWE6pSMTnz6p,acc_ACMERT0001,599152,INR,upi,captured,0,0,599152,2026-07-09 21:34:41,2026-07-09 21:34:58,setl_47BRKT35Otn84P,
pay_AtrdJ8L4V6lORB,order_JFdw8PQyYHuSAA,acc_ACMERT0001,191014,INR,card,captured,3820,688,186506,2026-07-09 22:15:54,2026-07-09 22:16:04,setl_47BRKT35Otn84P,
pay_FJP8RvqW0F9UPV,order_FDkUYwkiUIFl64,acc_ACMERT0001,65396,INR,upi,captured,0,0,65396,2026-07-09 23:02:53,2026-07-09 23:02:57,setl_47BRKT35Otn84P,
pay_yTYOjVyuxgfa8t,order_CxWrgiflBCJJGA,acc_ACMERT0001,46321,INR,card,refunded,926,167,45228,2026-07-10 09:38:38,2026-07-10 09:39:03,,
pay_A69fh18UjwtvDY,order_nHEwEgCUSCuetc,acc_ACMERT0001,32483,INR,netbanking,captured,617,111,31755,2026-07-10 10:43:51,2026-07-10 10:44:07,setl_k8Vq9RT7SzsIss,
pay_pqQjTBYyeCMELz,order_IG763SAIcY9xS5,acc_ACMERT0001,72277,INR,netbanking,captured,1373,247,70657,2026-07-10 10:49:15,2026-07-10 10:49:38,setl_k8Vq9RT7SzsIss,
pay_kPNcKPRPz9Wv9Y,order_BgagqoGVHJLSKo,acc_ACMERT0001,181194,INR,upi,captured,0,0,181194,2026-07-10 11:22:01,2026-07-10 11:22:20,setl_k8Vq9RT7SzsIss,
pay_NmDgita8zv1NyZ,order_3vCvB003PMituM,acc_ACMERT0001,30590,INR,wallet,captured,535,96,29959,2026-07-10 12:25:20,2026-07-10 12:25:52,setl_k8Vq9RT7SzsIss,
pay_gBo1evMXN9MzXu,order_bOrYCFowJ8yBlR,acc_ACMERT0001,127431,INR,upi,partially_refunded,0,0,127431,2026-07-10 14:45:04,2026-07-10 14:45:14,setl_k8Vq9RT7SzsIss,
pay_asAyXfU5J5pKHk,order_RykirtrFjekBrA,acc_ACMERT0001,578666,INR,card,captured,11573,2083,565010,2026-07-10 15:15:46,2026-07-10 15:16:25,setl_LO9YeE14A7D64M,
pay_9KYpuyr0Yzxh7K,order_mLIlRXJb8UD8Tn,acc_ACMERT0001,14532,INR,upi,captured,0,0,14532,2026-07-10 20:43:31,2026-07-10 20:43:51,setl_k8Vq9RT7SzsIss,
pay_lxSjGyAMiKyBlF,order_OIS6P7lJkFsilu,acc_ACMERT0001,144119,INR,netbanking,captured,2738,493,140888,2026-07-11 07:31:08,2026-07-11 07:31:33,setl_VjCMXcQ7GXmXnU,
pay_3TNOBkNiYn0nZd,order_KwIrMIkuTssKr8,acc_ACMERT0001,3849187,INR,netbanking,captured,73135,13164,3762888,2026-07-11 10:08:48,2026-07-11 10:08:52,setl_VjCMXcQ7GXmXnU,
pay_lJkvJB9DoZzOll,order_OQBzbVN4mCLBya,acc_ACMERT0001,14100,INR,upi,captured,0,0,14100,2026-07-11 10:51:55,2026-07-11 10:52:19,setl_VjCMXcQ7GXmXnU,
pay_umDhqQ3FH9OuMy,order_NzLhww2DNl0RTZ,acc_ACMERT0001,72217,INR,card,captured,1444,260,70513,2026-07-11 11:20:07,2026-07-11 11:20:15,setl_VjCMXcQ7GXmXnU,
pay_dzOtUSWoBPfTga,order_nEeiLoHRCaaSv0,acc_ACMERT0001,927744,INR,card,captured,18555,3340,905849,2026-07-11 11:30:04,2026-07-11 11:30:10,setl_VjCMXcQ7GXmXnU,
pay_D8FuLa3X2UfUDO,order_QSw2eYIzn9B0nF,acc_ACMERT0001,554161,INR,card,captured,11083,1995,541083,2026-07-11 11:36:54,2026-07-11 11:37:16,setl_VjCMXcQ7GXmXnU,
pay_0xI0WcWUCInBgV,order_1PWpt3cCqw30fC,acc_ACMERT0001,25528,INR,netbanking,captured,485,87,24956,2026-07-11 13:51:47,2026-07-11 13:52:10,setl_VjCMXcQ7GXmXnU,
pay_5RWdcgOY1Dbh72,order_kCDa9BmS6i4Ptk,acc_ACMERT0001,297874,INR,netbanking,captured,5660,1019,291195,2026-07-11 18:16:05,2026-07-11 18:16:16,setl_VjCMXcQ7GXmXnU,
pay_UZggux4tiyX0W3,order_iPRjeHKaNPkCwU,acc_ACMERT0001,631709,INR,card,captured,12634,2274,616801,2026-07-11 21:55:13,2026-07-11 21:55:20,,
pay_9JGPFARFAT1CFk,order_fKbYWoscroIskX,acc_ACMERT0001,719373,INR,upi,captured,0,0,719373,2026-07-11 23:07:36,2026-07-11 23:08:11,setl_VjCMXcQ7GXmXnU,
pay_iWhLUyw9BuYipr,order_PfpJMMUMsX8Sb2,acc_ACMERT0001,415425,INR,netbanking,captured,7893,1421,406111,2026-07-11 23:38:32,2026-07-11 23:38:58,setl_VjCMXcQ7GXmXnU,
pay_r3PiS3ipjTu1pW,order_1RzFjKOrOAyCeO,acc_ACMERT0001,622419,INR,netbanking,captured,11826,2129,608464,2026-07-11 23:47:17,2026-07-11 23:47:41,setl_VjCMXcQ7GXmXnU,
pay_PdY5Y9pFyhpFOM,order_eH4ax7uiy31KAx,acc_ACMERT0001,40868,INR,upi,captured,0,0,40868,2026-07-12 09:01:37,2026-07-12 09:01:54,setl_MHsJkjJ9udhReA,
pay_S1VuuCroe8miXX,order_LgjgkCDuAhIw9X,acc_ACMERT0001,27367,INR,card,captured,547,98,26722,2026-07-12 10:05:10,2026-07-12 10:05:30,setl_MHsJkjJ9udhReA,
pay_XXmU5IWYpja7Ab,order_oIwO1S4a8vaWQy,acc_ACMERT0001,308998,INR,netbanking,captured,5871,1057,302070,2026-07-12 13:33:15,2026-07-12 13:33:19,setl_MHsJkjJ9udhReA,
pay_KxhGR5dloZHc9z,order_e4D3sX2tufJDax,acc_ACMERT0001,129668,INR,card,captured,2593,467,126608,2026-07-12 14:29:23,2026-07-12 14:29:55,setl_MHsJkjJ9udhReA,
pay_jTrfc6o52HAS5x,order_DVfLgGiO0zeLKd,acc_ACMERT0001,1993092,INR,upi,captured,0,0,1993092,2026-07-12 16:16:54,2026-07-12 16:17:20,setl_MHsJkjJ9udhReA,
pay_nc7d8YzGsOTGXA,order_BSzfOIINjrftfG,acc_ACMERT0001,1651698,INR,netbanking,captured,31382,5649,1614667,2026-07-12 17:25:37,2026-07-12 17:25:42,setl_MHsJkjJ9udhReA,
pay_kxiVX3rU4hX5bv,order_ZBrHeqTKOeFDGx,acc_ACMERT0001,374987,INR,card,captured,7500,1350,366137,2026-07-12 18:10:16,2026-07-12 18:10:53,setl_MHsJkjJ9udhReA,
pay_RUhoVGac23apcE,order_xy6jl792cJZ6TV,acc_ACMERT0001,26270,INR,upi,captured,0,0,26270,2026-07-12 20:58:46,2026-07-12 20:58:51,setl_MHsJkjJ9udhReA,
pay_0TSMcn12ujfTp9,order_wzGdRtq0lb8z2C,acc_ACMERT0001,74831,INR,upi,captured,0,0,74831,2026-07-12 21:06:51,2026-07-12 21:06:59,setl_MHsJkjJ9udhReA,
pay_tSBU92pdpf7BhD,order_NMdtQVQVlhaTiS,acc_ACMERT0001,140886,INR,card,captured,2818,507,137561,2026-07-12 23:33:50,2026-07-12 23:34:07,setl_MHsJkjJ9udhReA,
pay_1Z4FItlFcfdoMo,order_bHEav6NmZivTl6,acc_ACMERT0001,262448,INR,netbanking,captured,4987,898,256563,2026-07-13 07:09:37,2026-07-13 07:09:47,setl_6E7KPysRNyC6Vp,
pay_d1Xoim0zxRO8Pf,order_LLq60ebem5PCZi,acc_ACMERT0001,547655,INR,card,captured,10953,1972,534730,2026-07-13 10:02:29,2026-07-13 10:03:06,setl_6E7KPysRNyC6Vp,
pay_B0UzFbyRBlwn6l,order_rrC4jcNNNpPsFA,acc_ACMERT0001,72995,INR,netbanking,captured,1387,250,71358,2026-07-13 15:24:08,2026-07-13 15:24:42,setl_6E7KPysRNyC6Vp,
pay_ytUSsilUa8S8Kz,order_2X9KclMu6Z9NoO,acc_ACMERT0001,1589901,INR,upi,captured,0,0,1589901,2026-07-13 17:47:04,2026-07-13 17:47:25,setl_6E7KPysRNyC6Vp,
pay_Xh2H3x9exT8QzL,order_gvtuikU8BYO9FP,acc_ACMERT0001,789275,INR,card,refunded,15786,2841,770648,2026-07-13 18:14:42,2026-07-13 18:14:54,,
pay_kgpQprI0Y6VdW8,order_oK2Zyw712llpLu,acc_ACMERT0001,57394,INR,netbanking,captured,1090,196,56108,2026-07-13 18:36:36,2026-07-13 18:36:49,setl_6E7KPysRNyC6Vp,
pay_kO49f0TQOU4vCa,order_qnpSewqYgUadyC,acc_ACMERT0001,4710079,INR,upi,captured,0,0,4710079,2026-07-13 20:31:56,2026-07-13 20:32:31,setl_6E7KPysRNyC6Vp,
pay_pOZIYbyYTwEIYF,order_w6KGuyrlbuMob5,acc_ACMERT0001,40912,INR,netbanking,captured,777,140,39995,2026-07-13 23:22:49,2026-07-13 23:23:04,setl_6E7KPysRNyC6Vp,
pay_wk15qV1Sfsbydk,order_2KX9n2oPoRnrPA,acc_ACMERT0001,915338,INR,upi,captured,0,0,915338,2026-07-14 07:30:58,2026-07-14 07:31:10,setl_I2ozi1Own8zA4A,
pay_GK5HZKRNjh8WCl,order_8knZmicBfRBm0O,acc_ACMERT0001,133820,INR,card,captured,2676,482,130662,2026-07-14 09:05:24,2026-07-14 09:06:00,setl_I2ozi1Own8zA4A,
pay_TbB8PkM4Bkdgvn,order_mASJU7UIqQstpg,acc_ACMERT0001,178699,INR,card,captured,3574,643,174482,2026-07-14 11:03:23,2026-07-14 11:03:29,setl_I2ozi1Own8zA4A,
pay_4Kblm41m1dpcDd,order_6xTmrx0DGzO7hR,acc_ACMERT0001,166943,INR,card,captured,3339,601,163003,2026-07-14 12:55:30,2026-07-14 12:55:53,setl_I2ozi1Own8zA4A,
pay_Dqo1rKdjWSQgfQ,order_wZIAWLoJd1y0HA,acc_ACMERT0001,174472,INR,wallet,captured,3053,550,170869,2026-07-14 14:30:19,2026-07-14 14:30:22,setl_QsQqAk5BnUkxgW,
pay_KMEclrzjNMRSzc,order_z44vSpdVE6r5xb,acc_ACMERT0001,526053,INR,card,captured,10521,1894,513638,2026-07-14 15:53:31,2026-07-14 15:53:38,setl_I2ozi1Own8zA4A,
pay_3oitVCX0urUAMP,order_fmCn60AVFWH3x0,acc_ACMERT0001,268804,INR,card,captured,5376,968,262460,2026-07-14 16:45:32,2026-07-14 16:46:06,setl_I2ozi1Own8zA4A,
pay_g1EY3KPWRokCeZ,order_2csbuq8gevk4yk,acc_ACMERT0001,74406,INR,upi,failed,0,0,0,2026-07-14 17:38:39,,,
pay_s0QOMEmgbnkOsf,order_E2htYzEF5QqfPI,acc_ACMERT0001,149993,INR,card,captured,3000,540,146453,2026-07-14 18:11:28,2026-07-14 18:11:57,setl_I2ozi1Own8zA4A,
pay_MZaoqMZ8tT9TPr,order_B5y2wDqnDtRH0N,acc_ACMERT0001,43522,INR,card,captured,870,157,42495,2026-07-14 18:35:41,2026-07-14 18:36:00,setl_I2ozi1Own8zA4A,
pay_u2rHD63aYSNLHY,order_AhAjjKLLW98g7g,acc_ACMERT0001,28749,INR,upi,captured,0,0,28749,2026-07-14 18:56:26,2026-07-14 18:56:58,setl_I2ozi1Own8zA4A,
pay_tigyGLtke0ct8s,order_DUHMHvB4Riv5Fw,acc_ACMERT0001,36436,INR,upi,captured,0,0,36436,2026-07-15 07:14:14,2026-07-15 07:14:23,setl_PtnzjEgIPCt519,
pay_3RyHtAd32jimvA,order_K56Dju3TlXfFvO,acc_ACMERT0001,13801,INR,wallet,captured,242,44,13515,2026-07-15 07:28:17,2026-07-15 07:28:28,setl_PtnzjEgIPCt519,
pay_KWkFYWXfiNBOBz,order_B9EyacImUx8a5u,acc_ACMERT0001,54696,INR,upi,captured,0,0,54696,2026-07-15 07:40:46,2026-07-15 07:41:09,setl_PtnzjEgIPCt519,
pay_RgEevrOu3rqPT8,order_5PtmjHWp5dZ2ZZ,acc_ACMERT0001,86681,INR,upi,failed,0,0,0,2026-07-15 07:41:31,,,
pay_UZJW6l8R5vPfow,order_oV3tAY4vxqLsD2,acc_ACMERT0001,48245,INR,card,captured,965,174,47106,2026-07-15 09:30:56,2026-07-15 09:31:04,setl_V9TBQu96WK3Sla,
pay_nUbLGkhxTPYcy4,order_OqXINdMdQgP1bd,acc_ACMERT0001,149681,INR,upi,captured,0,0,149681,2026-07-15 10:35:16,2026-07-15 10:35:26,setl_PtnzjEgIPCt519,
pay_q6AzyVcLTK0mvU,order_ToRIOYE68QwGt2,acc_ACMERT0001,196341,INR,card,captured,3927,707,191707,2026-07-15 12:18:06,2026-07-15 12:18:23,setl_PtnzjEgIPCt519,
pay_kcJF6nS7EvpaaQ,order_f6h1KQFj8fXGeU,acc_ACMERT0001,875636,INR,upi,captured,0,0,875636,2026-07-15 14:29:18,2026-07-15 14:29:22,setl_PtnzjEgIPCt519,
pay_g0l3c2sxZRuBVh,order_g2W4ca2iQPkvw5,acc_ACMERT0001,74366,INR,upi,captured,0,0,74366,2026-07-15 18:52:21,2026-07-15 18:52:47,setl_PtnzjEgIPCt519,
pay_nSROatAQgQHrNM,order_SiA15gGUNhshYg,acc_ACMERT0001,118942,INR,upi,captured,0,0,118942,2026-07-15 23:12:22,2026-07-15 23:12:41,setl_PtnzjEgIPCt519,
pay_GISOuThWwJELK8,order_QTARV51Is42BZa,acc_ACMERT0001,19524,INR,upi,captured,0,0,19524,2026-07-16 08:42:03,2026-07-16 08:42:14,setl_AuDp3ViW7FuN7W,
pay_yA9YRu9JdaVqmN,order_3X33C1o6OTTPxW,acc_ACMERT0001,406012,INR,upi,captured,0,0,406012,2026-07-16 13:18:28,2026-07-16 13:18:33,setl_AuDp3ViW7FuN7W,
pay_sRqj1dSYsnWIcw,order_0CgN3RVJ3oVPJy,acc_ACMERT0001,929943,INR,card,captured,18599,3348,907996,2026-07-16 16:44:42,2026-07-16 16:45:07,setl_AuDp3ViW7FuN7W,
pay_Pyz0pfDCZKCf2F,order_CuhFVPbgzAcJJa,acc_ACMERT0001,849137,INR,netbanking,captured,16134,2904,830099,2026-07-16 16:56:32,2026-07-16 16:57:02,setl_AuDp3ViW7FuN7W,
pay_BQUpEwQRPyj10J,order_5NdaP7kG2E2F3k,acc_ACMERT0001,113148,INR,card,captured,2263,407,110478,2026-07-16 17:17:03,2026-07-16 17:17:39,setl_AuDp3ViW7FuN7W,
pay_9Dr1yS2EZAP4Zk,order_hiSUd82kgA6LEZ,acc_ACMERT0001,149549,INR,upi,failed,0,0,0,2026-07-16 18:39:01,,,
pay_Wprz9vsCZiiAMS,order_4VGt1SJ3uTV7JO,acc_ACMERT0001,29043,INR,card,captured,581,105,28357,2026-07-16 18:58:43,2026-07-16 18:58:55,setl_AuDp3ViW7FuN7W,
pay_i9FaHVdJ7B1LE7,order_GX66lSLlU0igyQ,acc_ACMERT0001,728597,INR,upi,failed,0,0,0,2026-07-16 19:26:38,,,
pay_Fi0TVUAgqNmmh7,order_2znD0YmTvgWAc7,acc_ACMERT0001,82301,INR,upi,refunded,0,0,82301,2026-07-16 21:29:42,2026-07-16 21:30:15,,
pay_8vx0d0o2DvJXNM,order_ETQxTChgWQoavw,acc_ACMERT0001,2224667,INR,netbanking,captured,42269,7608,2174790,2026-07-16 23:23:44,2026-07-16 23:23:55,,
pay_41U5iE6Fh4ACce,order_qPuaT3RHXVKUKo,acc_ACMERT0001,138683,INR,wallet,captured,2427,437,135819,2026-07-16 23:33:44,2026-07-16 23:33:51,setl_AuDp3ViW7FuN7W,
pay_YTuHo9lHeYGkAI,order_Izfwo4nQvvxsn8,acc_ACMERT0001,197150,INR,upi,captured,0,0,197150,2026-07-17 07:07:42,2026-07-17 07:07:58,setl_tgZJk54jkAhI6N,
pay_gsYRtMfsW7Cyz0,order_QbEkIoiVzYZ2Is,acc_ACMERT0001,34453,INR,wallet,captured,603,109,33741,2026-07-17 07:35:55,2026-07-17 07:36:03,setl_tgZJk54jkAhI6N,
pay_fedlYqJeK0o6qA,order_yCOzBubyRhIaPU,acc_ACMERT0001,814054,INR,upi,captured,0,0,814054,2026-07-17 08:44:54,2026-07-17 08:45:27,setl_tgZJk54jkAhI6N,
pay_caKMzIJ8ftnVV5,order_UwnA5P2GjkloN1,acc_ACMERT0001,47178,INR,card,failed,0,0,0,2026-07-17 08:54:48,,,
pay_f8gk9XIIaOenQO,order_Xn3RB1gnI1S4VX,acc_ACMERT0001,275623,INR,upi,captured,0,0,275623,2026-07-17 11:01:29,2026-07-17 11:01:32,setl_tgZJk54jkAhI6N,
pay_JDPJesQeqgmULF,order_8vwiQPpgsNe5mu,acc_ACMERT0001,30032,INR,upi,captured,0,0,30032,2026-07-17 11:36:36,2026-07-17 11:36:57,,
pay_9BkaupYoTVPBr1,order_xiRUv4EDCwXtFJ,acc_ACMERT0001,71488,INR,card,partially_refunded,1430,257,69801,2026-07-17 15:54:52,2026-07-17 15:55:27,setl_tgZJk54jkAhI6N,
pay_5PN6Np9cR4uy6Y,order_8hyqIUsb6H0XxG,acc_ACMERT0001,61495,INR,netbanking,captured,1168,210,60117,2026-07-17 16:57:41,2026-07-17 16:58:14,setl_tgZJk54jkAhI6N,
pay_9lVGhycBrJqikL,order_2qavDT7jcj7uMd,acc_ACMERT0001,128945,INR,upi,captured,0,0,128945,2026-07-17 22:50:36,2026-07-17 22:50:41,,
pay_I0a58XRPBHAx3c,order_SHBo8ZEYXywLZV,acc_ACMERT0001,804106,INR,netbanking,captured,15278,2750,786078,2026-07-18 10:27:08,2026-07-18 10:27:23,setl_F8QKw4vf4xeliN,
pay_P51eHqy6oHzw03,order_wFYE4MaG4iCkoe,acc_ACMERT0001,19846,INR,upi,captured,0,0,19846,2026-07-18 12:10:23,2026-07-18 12:10:31,setl_F8QKw4vf4xeliN,
pay_eqxocQnH6YxyE6,order_D4ccPugT9HO1r1,acc_ACMERT0001,199464,INR,upi,captured,0,0,199464,2026-07-18 12:24:41,2026-07-18 12:25:19,,
pay_MKOb4UUQ0s8fnC,order_ME3Eko1AMjYL0X,acc_ACMERT0001,119342,INR,card,captured,2387,430,116525,2026-07-18 12:46:43,2026-07-18 12:47:13,setl_F8QKw4vf4xeliN,
pay_qU4OeUe5b2GOb0,order_LLzXLn6cJqI5IE,acc_ACMERT0001,35722,INR,upi,captured,0,0,35722,2026-07-18 14:57:49,2026-07-18 14:58:08,setl_F8QKw4vf4xeliN,
pay_62fsM4IAqmaTVY,order_aKHhHayPnSZuAx,acc_ACMERT0001,116488,INR,card,captured,2330,419,113739,2026-07-18 15:54:34,2026-07-18 15:54:58,setl_F8QKw4vf4xeliN,
pay_QoAZvUhEREEnLk,order_P1AbpciKLkiOGc,acc_ACMERT0001,20901,INR,netbanking,captured,397,71,20433,2026-07-18 15:59:11,2026-07-18 15:59:37,setl_F8QKw4vf4xeliN,
pay_iDGGfzxGaQp29Z,order_NRkWGiCklK8KQ3,acc_ACMERT0001,706990,INR,wallet,captured,12372,2227,692391,2026-07-18 18:02:14,2026-07-18 18:02:29,setl_F8QKw4vf4xeliN,
pay_MLeoyyigbmH36G,order_RA0jMglE5NMc4Y,acc_ACMERT0001,297716,INR,upi,failed,0,0,0,2026-07-18 22:42:08,,,
pay_UrZpJB2ymjZ9Vj,order_EZalAFi52OHIUu,acc_ACMERT0001,46840,INR,netbanking,captured,890,160,45790,2026-07-19 08:25:06,2026-07-19 08:25:10,setl_pStqCBvcrVWQDQ,
pay_d8X0lOFCam2Q7Z,order_HsmcYMGHSoNkRc,acc_ACMERT0001,91273,INR,card,captured,1825,328,89120,2026-07-19 09:17:49,2026-07-19 09:18:15,setl_pStqCBvcrVWQDQ,
pay_rRzWnAJYJElxJJ,order_EqtKwXTzVi23Qh,acc_ACMERT0001,92413,INR,upi,captured,0,0,92413,2026-07-19 10:13:32,2026-07-19 10:13:54,setl_pStqCBvcrVWQDQ,
pay_yLguxN3qlJqprE,order_9NvxlFBnASWxx2,acc_ACMERT0001,199791,INR,upi,captured,0,0,199791,2026-07-19 11:36:43,2026-07-19 11:36:50,setl_pStqCBvcrVWQDQ,
pay_RSoZuA9wHIaS1q,order_psfzRV0veJ7lEu,acc_ACMERT0001,482146,INR,card,failed,0,0,0,2026-07-19 12:47:43,,,
pay_n0qE1OgCVvqxxJ,order_J7ZqwbAhw3R9Mm,acc_ACMERT0001,191148,INR,upi,captured,0,0,191148,2026-07-19 12:49:18,2026-07-19 12:49:51,setl_pStqCBvcrVWQDQ,
pay_FXVC4fyNsDO9j3,order_kOZ7vAONKz26ef,acc_ACMERT0001,30766,INR,card,captured,615,111,30040,2026-07-19 16:45:17,2026-07-19 16:45:43,setl_pStqCBvcrVWQDQ,
pay_zLmHaVTe6fJsU1,order_J6Lww90roM9mD7,acc_ACMERT0001,21471,INR,upi,captured,0,0,21471,2026-07-19 20:32:06,2026-07-19 20:32:39,setl_pStqCBvcrVWQDQ,
pay_3rFlW6GrzoWKid,order_HZBE8IcGwz3RXl,acc_ACMERT0001,43961,INR,upi,captured,0,0,43961,2026-07-19 21:20:44,2026-07-19 21:20:58,setl_pStqCBvcrVWQDQ,
pay_sv8hZG9q4I0YKq,order_SC9yKEXpWv9XDR,acc_ACMERT0001,57169,INR,upi,captured,0,0,57169,2026-07-19 22:07:16,2026-07-19 22:07:31,setl_pStqCBvcrVWQDQ,
pay_mFVmpVp3qnom1p,order_1NwjXgh6fR9QFN,acc_ACMERT0001,244316,INR,card,captured,4886,879,238551,2026-07-19 22:23:39,2026-07-19 22:24:16,setl_pStqCBvcrVWQDQ,
pay_ZJNSRTdky9OaZf,order_0jE7MBfeqoxfMc,acc_ACMERT0001,2680426,INR,upi,failed,0,0,0,2026-07-19 23:18:45,,,
pay_ZSRrsPVIZrAm2e,order_lishODNCrSNFmu,acc_ACMERT0001,45059,INR,card,captured,901,162,43996,2026-07-20 07:11:06,2026-07-20 07:11:15,,
pay_4CX38xVLH9CAkl,order_2biUpQq8VSVfnk,acc_ACMERT0001,41010,INR,card,captured,820,148,40042,2026-07-20 08:01:49,2026-07-20 08:01:55,setl_8wUqJmFsrf6C6Q,
pay_mx4d3QnhpOBuak,order_YrLhzYpacLYSES,acc_ACMERT0001,73456,INR,upi,captured,0,0,73456,2026-07-20 14:10:31,2026-07-20 14:11:11,setl_8wUqJmFsrf6C6Q,
pay_8WEtaXBZsMoYaJ,order_xmA4JBzpkTVPy1,acc_ACMERT0001,37671,INR,card,captured,753,136,36782,2026-07-20 14:33:48,2026-07-20 14:34:28,setl_8wUqJmFsrf6C6Q,
pay_gqNjfP74ytopVs,order_COiiH1kbcQw36u,acc_ACMERT0001,191710,INR,netbanking,captured,3642,656,187412,2026-07-20 15:35:28,2026-07-20 15:36:03,setl_8wUqJmFsrf6C6Q,
pay_v7WOddwPjSIYgi,order_FouJYPWwZ5CUmb,acc_ACMERT0001,85319,INR,upi,captured,0,0,85319,2026-07-20 15:57:02,2026-07-20 15:57:31,setl_8wUqJmFsrf6C6Q,
pay_lLMDOVO4KBHOOI,order_t6wEIoZfCtxAqj,acc_ACMERT0001,18932,INR,card,captured,379,68,18485,2026-07-20 18:18:30,2026-07-20 18:19:02,setl_sulTf3i7HMM2gx,
pay_JsISFmKlIwuUDr,order_31M63JkeHjCs0q,acc_ACMERT0001,182633,INR,upi,failed,0,0,0,2026-07-20 19:46:11,,,
pay_TCUaofjaFnvAtY,order_ZFxDSYcvf1W8jd,acc_ACMERT0001,192394,INR,card,failed,0,0,0,2026-07-20 22:11:12,,,
pay_q0y1ahXTpyXCpV,order_cmDVXgHQnEyR9t,acc_ACMERT0001,12764,INR,wallet,captured,223,40,12501,2026-07-20 23:07:16,2026-07-20 23:07:36,setl_8wUqJmFsrf6C6Q,
pay_Q26Qx3gbs34Pyo,order_yGTg5uF3MIflmG,acc_ACMERT0001,55633,INR,wallet,captured,974,175,54484,2026-07-21 08:15:59,2026-07-21 08:16:21,setl_oco80CpzaBd9eZ,
pay_jgcDwjiqx4Lpoq,order_ZtfKzK6nUeUuYE,acc_ACMERT0001,923092,INR,card,captured,18462,3323,901307,2026-07-21 10:38:41,2026-07-21 10:39:18,setl_DO3vYQgNhdTim6,
pay_yfXd6Xvw40BA73,order_h3XoVP2M7aOXOy,acc_ACMERT0001,133706,INR,card,captured,2674,481,130551,2026-07-21 11:20:32,2026-07-21 11:20:42,setl_DO3vYQgNhdTim6,
pay_dRUzCWMKGfoBsY,order_zjivfEKVdJzqfz,acc_ACMERT0001,336708,INR,upi,captured,0,0,336708,2026-07-21 11:30:35,2026-07-21 11:31:01,setl_DO3vYQgNhdTim6,
pay_2xXNpuUeQ9I0ym,order_HRFXJjNsuAPuhg,acc_ACMERT0001,18504,INR,upi,captured,0,0,18504,2026-07-21 12:55:02,2026-07-21 12:55:34,setl_DO3vYQgNhdTim6,
pay_wRDSQB4gkYlJzG,order_vQkIMC7w5uJu2x,acc_ACMERT0001,134790,INR,upi,captured,0,0,134790,2026-07-21 14:36:34,2026-07-21 14:37:10,setl_DO3vYQgNhdTim6,
pay_CNjCc70omRxjWU,order_2fhVdp8N7j310s,acc_ACMERT0001,79170,INR,card,captured,1583,285,77302,2026-07-21 16:28:30,2026-07-21 16:28:44,setl_DO3vYQgNhdTim6,
pay_mgcKP1yQFHNSLq,order_dxoMTea76nPF74,acc_ACMERT0001,65912,INR,netbanking,failed,0,0,0,2026-07-21 18:35:47,,,
pay_PKmJNVHpperXBu,order_R7KfhQABxwmuwM,acc_ACMERT0001,377477,INR,upi,failed,0,0,0,2026-07-21 18:39:52,,,
pay_eMx1thM5Ayytxb,order_dxoMTea76nPF74,acc_ACMERT0001,65912,INR,netbanking,captured,1252,225,64435,2026-07-21 18:41:47,2026-07-21 18:42:03,setl_mWbnBXOWjC3LYW,retry after failed attempt
pay_A0xYTd0NrHcUe1,order_te8n9HggUoIymm,acc_ACMERT0001,21724,INR,upi,captured,0,0,21724,2026-07-21 20:47:06,2026-07-21 20:47:43,setl_DO3vYQgNhdTim6,
pay_VInnIHWqJENUjS,order_SQbyL5QHcqkdsm,acc_ACMERT0001,63915,INR,netbanking,captured,1214,219,62482,2026-07-21 21:41:00,2026-07-21 21:41:18,setl_DO3vYQgNhdTim6,
pay_7Vqx9CC9zaUcsM,order_bHi4taton2ubX0,acc_ACMERT0001,780557,INR,wallet,failed,0,0,0,2026-07-21 23:35:36,,,
pay_NrMKNoMooRbwfS,order_XEiG2METPxl2yF,acc_ACMERT0001,24829,INR,upi,failed,0,0,0,2026-07-22 08:26:48,,,
pay_M4FpnLQEDACfMM,order_ap4JrNOJ00ndlj,acc_ACMERT0001,19527,INR,card,captured,391,70,19066,2026-07-22 08:42:36,2026-07-22 08:42:56,setl_lGaflmqj4IKmSh,
pay_4DfquSP6TYkTUh,order_fhTCOxfHTyUYGN,acc_ACMERT0001,149773,INR,wallet,failed,0,0,0,2026-07-22 08:49:10,,,
pay_zVkbwRwwOtpGrZ,order_dOq4y40b8J8roj,acc_ACMERT0001,85982,INR,card,captured,1720,310,83952,2026-07-22 09:46:24,2026-07-22 09:47:04,setl_lGaflmqj4IKmSh,
pay_v6fdgAlkRsNQSS,order_MKYJl9DVLx7cfX,acc_ACMERT0001,149336,INR,card,captured,2987,538,145811,2026-07-22 09:48:27,2026-07-22 09:48:32,setl_lGaflmqj4IKmSh,
pay_6kueJI8Uhlu14j,order_UbWu4A9AtCV705,acc_ACMERT0001,359338,INR,upi,captured,0,0,359338,2026-07-22 13:06:08,2026-07-22 13:06:48,setl_lGaflmqj4IKmSh,
pay_7r8AoVQmWnel79,order_C3NFSu3D4pBzXc,acc_ACMERT0001,955185,INR,upi,failed,0,0,0,2026-07-22 17:25:39,,,
pay_KMIHP4TYcHgCD0,order_4c4pHIzVcJyHWO,acc_ACMERT0001,38806,INR,wallet,captured,679,122,38005,2026-07-22 19:56:19,2026-07-22 19:56:38,setl_QsQqAk5BnUkxgW,
pay_3ORoApKjBt6MvC,order_IinPiLIRZm3itS,acc_ACMERT0001,85455,INR,upi,captured,0,0,85455,2026-07-22 20:58:49,2026-07-22 20:59:26,setl_lGaflmqj4IKmSh,
pay_DkBsN6dSH5jD1P,order_CfUGhlXL85SIiz,acc_ACMERT0001,96891,INR,upi,captured,0,0,96891,2026-07-22 21:37:57,2026-07-22 21:38:10,setl_lGaflmqj4IKmSh,
pay_K3Q3jk3jlXTdAt,order_tUX9CsOlh5i9ma,acc_ACMERT0001,40057,INR,upi,captured,0,0,40057,2026-07-22 22:54:31,2026-07-22 22:54:32,,
pay_jkrha9NJGgnIwJ,order_urj8TZsKpketN5,acc_ACMERT0001,84098,INR,card,captured,1682,303,82113,2026-07-23 07:30:57,2026-07-23 07:31:04,setl_deFw5UdNW0BfRW,
pay_Xm6fCGbZE5Gjmv,order_7EU3HtXujX3g08,acc_ACMERT0001,1860617,INR,upi,captured,0,0,1860617,2026-07-23 08:29:24,2026-07-23 08:29:58,setl_deFw5UdNW0BfRW,
pay_jOD53I5vDY0A7V,order_d1HtKURuJIbnKR,acc_ACMERT0001,570771,INR,card,captured,11415,2055,557301,2026-07-23 09:09:17,2026-07-23 09:09:39,setl_deFw5UdNW0BfRW,
pay_DgDtRPTXDEo8oj,order_35Nq6xzlS6QvY3,acc_ACMERT0001,57933,INR,netbanking,captured,1101,198,56634,2026-07-23 09:30:07,2026-07-23 09:30:37,setl_deFw5UdNW0BfRW,
pay_ydfBzlTM5LO1SS,order_CNwtv0mTWQZIf7,acc_ACMERT0001,84549,INR,upi,failed,0,0,0,2026-07-23 09:52:51,,,
pay_EihS3rvHAHnSnN,order_dgKUOHfEUSM7YT,acc_ACMERT0001,132965,INR,card,failed,0,0,0,2026-07-23 15:33:36,,,
pay_yOI1kKMylMh3YW,order_tT2uTcrAfF4pxC,acc_ACMERT0001,44412,INR,netbanking,captured,844,152,43416,2026-07-23 16:11:07,2026-07-23 16:11:10,setl_deFw5UdNW0BfRW,
pay_hat7cR2M3fvD4c,order_gHXQVtbKWtO5nu,acc_ACMERT0001,44883,INR,card,captured,898,162,43823,2026-07-23 17:49:28,2026-07-23 17:49:46,setl_deFw5UdNW0BfRW,
pay_w7iNKFHUOFFZl4,order_NoTsmahbDOYhV2,acc_ACMERT0001,158693,INR,card,captured,3174,571,154948,2026-07-23 20:02:21,2026-07-23 20:02:35,setl_deFw5UdNW0BfRW,
pay_aOmSsqYettGJuX,order_ahRvvzUKN9b1lm,acc_ACMERT0001,41398,INR,card,captured,828,149,40421,2026-07-23 22:51:02,2026-07-23 22:51:33,setl_deFw5UdNW0BfRW,
pay_J0CywolBMaKF2U,order_pTGrA7IKxccKET,acc_ACMERT0001,70988,INR,card,captured,1420,256,69312,2026-07-24 11:46:46,2026-07-24 11:47:04,setl_4Du7Y28zD35DCj,
pay_ZsskcS7MVtUYKq,order_dOELkKdQsZVNbs,acc_ACMERT0001,15037,INR,upi,captured,0,0,15037,2026-07-24 15:16:08,2026-07-24 15:16:26,setl_4Du7Y28zD35DCj,
pay_sXwMKiGgz0TYgu,order_JPeYtIDzLApNpJ,acc_ACMERT0001,67317,INR,card,captured,1346,242,65729,2026-07-24 17:13:52,2026-07-24 17:14:20,setl_4Du7Y28zD35DCj,
pay_DHfH4NfpEOVQ9Q,order_eROIZLtNd5vIXa,acc_ACMERT0001,173006,INR,upi,failed,0,0,0,2026-07-24 17:26:22,,,
pay_YBKYvISplQQeV7,order_TK1FhLMDuJg0Cl,acc_ACMERT0001,78506,INR,card,captured,1570,283,76653,2026-07-24 19:20:31,2026-07-24 19:20:35,setl_4Du7Y28zD35DCj,
pay_LaNGz2i2sdx5J9,order_daTJ0wh3s3bpBS,acc_ACMERT0001,150346,INR,upi,captured,0,0,150346,2026-07-24 19:24:27,2026-07-24 19:24:39,setl_4Du7Y28zD35DCj,
pay_EimJy17x1Ajs3Q,order_iiaePbjU4FQBif,acc_ACMERT0001,678180,INR,card,captured,13564,2442,662174,2026-07-24 20:39:11,2026-07-24 20:39:39,setl_4Du7Y28zD35DCj,
pay_fn0i4L5WOZaWjQ,order_jCIsyNKCmnR4ut,acc_ACMERT0001,519343,INR,upi,captured,0,0,519343,2026-07-24 20:45:58,2026-07-24 20:46:04,setl_4Du7Y28zD35DCj,
pay_2qaVhMl6LVjQCx,order_ZlqYSpFlZH3cvf,acc_ACMERT0001,90409,INR,wallet,captured,1582,285,88542,2026-07-24 22:48:26,2026-07-24 22:48:42,setl_4Du7Y28zD35DCj,
pay_zhnZPQHD8R33Ij,order_VLo7ecVjFPbE66,acc_ACMERT0001,18554,INR,upi,captured,0,0,18554,2026-07-25 07:11:40,2026-07-25 07:12:00,setl_2JromFMUFBB82k,
pay_yyvdq90qlCeF7m,order_NzlPFgjIXBnNPg,acc_ACMERT0001,308304,INR,netbanking,captured,5858,1054,301392,2026-07-25 08:04:04,2026-07-25 08:04:21,setl_2JromFMUFBB82k,
pay_5gOSwFf4OCVmic,order_mbULpFyeYIPtFI,acc_ACMERT0001,217215,INR,wallet,captured,3801,684,212730,2026-07-25 08:21:03,2026-07-25 08:21:06,setl_2JromFMUFBB82k,
pay_nWcLlvehrjWAkS,order_xJkCp7LcigY2ON,acc_ACMERT0001,41913,INR,card,captured,838,151,40924,2026-07-25 09:00:00,2026-07-25 09:00:06,setl_2JromFMUFBB82k,
pay_0YgDNk1Le00ghF,order_MZNoeZmBvZ1VRz,acc_ACMERT0001,3415780,INR,card,failed,0,0,0,2026-07-25 11:20:53,,,
pay_UOknKU1wdPqW0h,order_dkDzEtEV8W7Ioy,acc_ACMERT0001,118845,INR,upi,captured,0,0,118845,2026-07-25 11:33:55,2026-07-25 11:34:14,setl_2JromFMUFBB82k,
pay_XmHvRSluJaRa1e,order_aAgHgRCwoUsqmc,acc_ACMERT0001,48937,INR,card,captured,979,176,47782,2026-07-25 13:38:40,2026-07-25 13:38:48,setl_2JromFMUFBB82k,
pay_XCb5FjPOa7cQyr,order_jSv5zKaGT8XFEB,acc_ACMERT0001,273504,INR,upi,failed,0,0,0,2026-07-25 14:00:24,,,
pay_f2MiyQW5PKZ9l5,order_hSlqsDQ7eOD7rX,acc_ACMERT0001,539113,INR,upi,captured,0,0,539113,2026-07-25 15:10:49,2026-07-25 15:10:53,setl_2JromFMUFBB82k,
pay_0XEhKI7wvRtzdO,order_9PfxI29vf1DWXs,acc_ACMERT0001,12577,INR,upi,captured,0,0,12577,2026-07-25 19:42:12,2026-07-25 19:42:37,setl_2JromFMUFBB82k,
pay_7ZCyRu9HR9cg6I,order_Ow92BN6P2rvrrZ,acc_ACMERT0001,152538,INR,card,captured,3051,549,148938,2026-07-25 21:49:43,2026-07-25 21:50:21,setl_2JromFMUFBB82k,
pay_DAkWvo4sMkYYO8,order_N5kKJ2ofA2HF3n,acc_ACMERT0001,492731,INR,upi,captured,0,0,492731,2026-07-26 07:46:27,2026-07-26 07:46:43,setl_svUxZS3ixKEebC,
pay_8niwspPfbEQtkT,order_D2KVLbDDXi3Tzl,acc_ACMERT0001,171712,INR,netbanking,captured,3263,587,167862,2026-07-26 07:55:40,2026-07-26 07:56:02,setl_svUxZS3ixKEebC,
pay_TeJTXnivpIhPEV,order_8WL39SnWVWouw5,acc_ACMERT0001,122651,INR,card,captured,2453,442,119756,2026-07-26 08:04:23,2026-07-26 08:04:55,setl_svUxZS3ixKEebC,
pay_3my5oeELFd4Bjn,order_7NDlyxiDUmOwrm,acc_ACMERT0001,47268,INR,card,captured,945,170,46153,2026-07-26 08:17:08,2026-07-26 08:17:38,setl_svUxZS3ixKEebC,
pay_HcsBWrS8NIKYnY,order_RfN4vV7dG86Rx4,acc_ACMERT0001,171989,INR,card,captured,3440,619,167930,2026-07-26 08:23:23,2026-07-26 08:23:59,setl_svUxZS3ixKEebC,
pay_GH1hETIR0I5sCN,order_xZR8SZ84em54Df,acc_ACMERT0001,502380,INR,card,captured,10048,1809,490523,2026-07-26 09:06:10,2026-07-26 09:06:20,setl_svUxZS3ixKEebC,
pay_NZ4WDcgVd7IlkY,order_bFGhe5pUCLLuAm,acc_ACMERT0001,441238,INR,upi,captured,0,0,441238,2026-07-26 10:20:14,2026-07-26 10:20:41,setl_svUxZS3ixKEebC,
pay_puBLo57L8j6K5a,order_AccEUXGcBHzEZZ,acc_ACMERT0001,42459,INR,upi,captured,0,0,42459,2026-07-26 14:05:35,2026-07-26 14:06:02,setl_svUxZS3ixKEebC,
pay_FLQSH1JCDtKi5Y,order_tkYqoExsX2djws,acc_ACMERT0001,20537,INR,upi,captured,0,0,20537,2026-07-26 16:11:11,2026-07-26 16:11:21,setl_svUxZS3ixKEebC,
pay_hHgNx3WIGoDXOQ,order_nrdmhYjR296EFl,acc_ACMERT0001,1226608,INR,card,captured,24532,4416,1197660,2026-07-26 18:18:13,2026-07-26 18:18:35,setl_svUxZS3ixKEebC,
pay_4sASZYXESinjOr,order_HCAp8lNScMlTFN,acc_ACMERT0001,128957,INR,wallet,captured,2257,406,126294,2026-07-26 18:26:00,2026-07-26 18:26:13,setl_svUxZS3ixKEebC,
pay_Fj3nH8ObsARI7i,order_EwACVPbsmeb3Zo,acc_ACMERT0001,138048,INR,netbanking,captured,2623,472,134953,2026-07-26 20:37:21,2026-07-26 20:37:42,setl_svUxZS3ixKEebC,
pay_66kgnjGo1mY5JN,order_S18H2ITJSWZhAD,acc_ACMERT0001,18600,INR,netbanking,captured,353,64,18183,2026-07-27 07:30:22,2026-07-27 07:30:46,,
pay_xyxaswwtC3JfnU,order_4CVAZCskZU5BU5,acc_ACMERT0001,826981,INR,upi,captured,0,0,826981,2026-07-27 09:09:13,2026-07-27 09:09:47,,
pay_ORES0hxGUKb2qk,order_LdjuD4SiwkdrxA,acc_ACMERT0001,1204325,INR,upi,captured,0,0,1204325,2026-07-27 16:18:33,2026-07-27 16:18:38,setl_buG4gyWjNufHFD,
pay_GmXOlWgMWkIu3u,order_02RZtrRSSxgILw,acc_ACMERT0001,43958,INR,netbanking,captured,835,150,42973,2026-07-27 16:23:49,2026-07-27 16:24:11,setl_buG4gyWjNufHFD,
pay_ve79LWyfaAO6rA,order_lJDTKW6iml1ysJ,acc_ACMERT0001,516662,INR,upi,refunded,0,0,516662,2026-07-27 16:31:35,2026-07-27 16:31:50,,
pay_phcuKiCqxlnJTc,order_QuwjxCIkIth6bz,acc_ACMERT0001,680290,INR,wallet,failed,0,0,0,2026-07-27 17:09:00,,,
pay_fudMPmLHoY7Xrm,order_bfI2CRQ9fGzmFu,acc_ACMERT0001,64692,INR,upi,captured,0,0,64692,2026-07-27 18:25:09,2026-07-27 18:25:37,setl_buG4gyWjNufHFD,
pay_IGvPTsE5s8WKQj,order_ZKU67CvShUE5ci,acc_ACMERT0001,11625,INR,upi,captured,0,0,11625,2026-07-27 19:39:53,2026-07-27 19:40:16,setl_buG4gyWjNufHFD,
pay_bYajqt9O1OEhPQ,order_5sAlF6SPpbhWrF,acc_ACMERT0001,33708,INR,wallet,failed,0,0,0,2026-07-27 22:36:27,,,
pay_m2e51ZE8RxlaRF,order_RgzCHQRfhjzzSL,acc_ACMERT0001,376919,INR,wallet,captured,6596,1187,369136,2026-07-28 09:23:12,2026-07-28 09:23:51,setl_ZPm97MMhsUdV4m,
pay_2zho1BUFrWTXLL,order_rWYZP8zwEQM8zF,acc_ACMERT0001,39794,INR,upi,captured,0,0,39794,2026-07-28 10:07:16,2026-07-28 10:07:31,setl_ZPm97MMhsUdV4m,
pay_Z3IIb8WcB46hyC,order_u2yCDcclJQ3Xt4,acc_ACMERT0001,85255,INR,upi,captured,0,0,85255,2026-07-28 16:45:24,2026-07-28 16:45:32,setl_ZPm97MMhsUdV4m,
pay_cYQGLdEh6qcetQ,order_aWgYh6MnL5mlQw,acc_ACMERT0001,28178,INR,card,captured,564,102,27512,2026-07-28 18:22:10,2026-07-28 18:22:50,setl_ZPm97MMhsUdV4m,
pay_KRFQJRIKEEJ2kG,order_dzqFLyNRwXsudb,acc_ACMERT0001,34013,INR,upi,captured,0,0,34013,2026-07-28 18:51:47,2026-07-28 18:52:09,setl_AcXaOxTvZNxvag,
pay_yBnGoAhWuhDhHi,order_FWxTsJUcfuFhys,acc_ACMERT0001,920420,INR,upi,partially_refunded,0,0,920420,2026-07-28 21:14:35,2026-07-28 21:15:03,setl_ZPm97MMhsUdV4m,
pay_pGKeg0LWaHnTm9,order_sk5WIaUg7n6G2T,acc_ACMERT0001,98529,INR,upi,captured,0,0,98529,2026-07-28 21:43:06,2026-07-28 21:43:29,setl_ZPm97MMhsUdV4m,
pay_O8ibgVd1eFRbly,order_MRujtNNgWeQWHX,acc_ACMERT0001,126955,INR,upi,captured,0,0,126955,2026-07-28 22:31:32,2026-07-28 22:31:54,setl_ZPm97MMhsUdV4m,
pay_0C4MHWvlTtbV0h,order_oi2SjSotinifBS,acc_ACMERT0001,11232,INR,upi,captured,0,0,11232,2026-07-28 22:48:27,2026-07-28 22:48:34,setl_ZPm97MMhsUdV4m,
pay_GDQWJl4bOTH3lK,order_FnQ90V8Dr7OIZN,acc_ACMERT0001,793616,INR,netbanking,captured,15079,2714,775823,2026-07-29 08:33:12,2026-07-29 08:33:22,setl_Z7pY2tQunpDjTj,
pay_JBBP5cmkribqYZ,order_rQJlP2c9UFYbd3,acc_ACMERT0001,29528,INR,netbanking,failed,0,0,0,2026-07-29 09:57:26,,,
pay_buyKyuKgZFgSRn,order_vFGZWQvkNtxBmF,acc_ACMERT0001,1315919,INR,upi,captured,0,0,1315919,2026-07-29 13:18:16,2026-07-29 13:18:53,setl_rDrmTMDskLiu9b,
pay_460g0kSqGewAMU,order_0JVuDSbWdPPlOC,acc_ACMERT0001,36257,INR,netbanking,captured,689,124,35444,2026-07-29 13:40:19,2026-07-29 13:40:25,setl_rDrmTMDskLiu9b,
pay_pjVRWt2BAu316e,order_On2Ar0sPkqRMpz,acc_ACMERT0001,11815,INR,card,captured,236,42,11537,2026-07-29 14:51:52,2026-07-29 14:52:24,setl_rDrmTMDskLiu9b,
pay_zZoNV9fT2LgLvr,order_eKZHEBnwYeP0tG,acc_ACMERT0001,191544,INR,netbanking,captured,3639,655,187250,2026-07-29 17:12:26,2026-07-29 17:13:06,setl_rDrmTMDskLiu9b,
pay_QQ4fz81U1iphKV,order_G7hHQ1L8X7HqF4,acc_ACMERT0001,132158,INR,card,captured,2643,476,129039,2026-07-29 17:53:37,2026-07-29 17:53:53,setl_rDrmTMDskLiu9b,
pay_P95Mc1VQZ8dS6Y,order_QpqJytO9Sx5ZRh,acc_ACMERT0001,38993,INR,upi,failed,0,0,0,2026-07-29 19:00:58,,,
pay_gBwwAwdQpppPtL,order_f6Se3thvkbIucD,acc_ACMERT0001,184941,INR,upi,captured,0,0,184941,2026-07-29 20:17:01,2026-07-29 20:17:39,setl_rDrmTMDskLiu9b,
pay_76qtf70Wptn34k,order_6COu4ZXPAYcr3f,acc_ACMERT0001,2975900,INR,netbanking,partially_refunded,56542,10178,2909180,2026-07-29 20:59:53,2026-07-29 21:00:21,setl_rDrmTMDskLiu9b,
pay_7BnjglnrCAq3Ld,order_FIxS8huIBERp9r,acc_ACMERT0001,2522524,INR,netbanking,captured,47928,8627,2465969,2026-07-29 22:45:23,2026-07-29 22:45:25,setl_rDrmTMDskLiu9b,
pay_D0RFhoTnm830Yr,order_sVFyiB2nMn0sUR,acc_ACMERT0001,19564,INR,card,captured,391,70,19103,2026-07-30 07:18:16,2026-07-30 07:18:45,,
pay_kpHTX1PWi2MRAY,order_8uCE3ViqlRL0uZ,acc_ACMERT0001,34091,INR,card,captured,682,123,33286,2026-07-30 12:25:56,2026-07-30 12:26:33,setl_TiFe7eijgHk8Tp,
pay_6pxLRPDfaEi3uS,order_zRnTyTBVMqegJd,acc_ACMERT0001,2975233,INR,card,failed,0,0,0,2026-07-30 18:38:42,,,
pay_MTVZcaqGNytzQx,order_i95JcLlqkGF7v4,acc_ACMERT0001,44761,INR,upi,captured,0,0,44761,2026-07-30 20:09:16,2026-07-30 20:09:19,setl_TiFe7eijgHk8Tp,
pay_iF31rVx7Bs54qN,order_1W7qHuB5kuVFW8,acc_ACMERT0001,889354,INR,card,captured,17787,3202,868365,2026-07-30 21:03:12,2026-07-30 21:03:27,setl_TiFe7eijgHk8Tp,
pay_nLaHXKlA6epXFR,order_g4vbsRRhzxL78g,acc_ACMERT0001,15312,INR,netbanking,captured,291,52,14969,2026-07-30 21:53:45,2026-07-30 21:54:15,setl_TiFe7eijgHk8Tp,
pay_ob8b7JPNOo6fDm,order_qS2kdzNBMqjf9x,acc_ACMERT0001,53700,INR,card,failed,0,0,0,2026-07-30 23:27:49,,,
pay_lcEqkTDBh57FcC,order_wTJFDFh2U3jhwf,acc_ACMERT0001,21029,INR,card,captured,421,76,20532,2026-07-30 23:52:17,2026-07-30 23:52:55,setl_TiFe7eijgHk8Tp,
pay_MQavcPN8Cu8UU6,order_9ZKin3dZPsuZdV,acc_ACMERT0001,2599669,INR,card,captured,51993,9359,2538317,2026-07-31 09:25:16,2026-07-31 09:25:42,setl_RJbdP1SoEccoWo,
pay_bazhakPEDSz3Q9,order_VMUFtN0NxSR9SR,acc_ACMERT0001,18197,INR,card,captured,364,66,17767,2026-07-31 11:00:12,2026-07-31 11:00:14,setl_RJbdP1SoEccoWo,
pay_fb2nkyXzsPW9Pj,order_htFZBVZ6t5RMiw,acc_ACMERT0001,737555,INR,upi,failed,0,0,0,2026-07-31 13:31:28,,,
pay_3qg0jJo2Yo49pD,order_htFZBVZ6t5RMiw,acc_ACMERT0001,737555,INR,upi,captured,0,0,737555,2026-07-31 13:34:28,2026-07-31 13:34:32,setl_SIGxAVzAKvtfpk,retry after failed attempt
pay_msK11zdvagO2TB,order_A2FVLMUJscFzFG,acc_ACMERT0001,177900,INR,upi,captured,0,0,177900,2026-07-31 14:45:03,2026-07-31 14:45:31,setl_RJbdP1SoEccoWo,
pay_lYl1zcfA4TtuLU,order_DWQCNZqv963Zln,acc_ACMERT0001,833395,INR,card,captured,16668,3000,813727,2026-07-31 15:55:43,2026-07-31 15:56:18,setl_RJbdP1SoEccoWo,
pay_9A18RPVxYEZ2kN,order_nsSVfQEilmkMFg,acc_ACMERT0001,3070833,INR,netbanking,captured,58346,10502,3001985,2026-07-31 16:15:13,2026-07-31 16:15:15,setl_RJbdP1SoEccoWo,
pay_ErKMBfWBZxNlBO,order_BfcGvDRoPRTj7F,acc_ACMERT0001,72012,INR,upi,captured,0,0,72012,2026-07-31 16:29:27,2026-07-31 16:29:58,setl_RJbdP1SoEccoWo,
pay_KuJer5PA4EhFN8,order_PwCSBbksUmEwCo,acc_ACMERT0001,138906,INR,upi,captured,0,0,138906,2026-07-31 21:08:56,2026-07-31 21:09:21,setl_RJbdP1SoEccoWo,
pay_Sm2bnEPjPpB1O2,order_YImftXDjEBbhk5,acc_ACMERT0001,708608,INR,card,captured,14172,2551,691885,2026-07-31 22:01:55,2026-07-31 22:02:11,setl_RJbdP1SoEccoWo,
pay_tjiR5t1pHBsKdJ,order_e6cGgGBAgDQUK0,acc_ACMERT0001,15358,INR,card,captured,307,55,14996,2026-07-31 23:01:07,2026-07-31 23:01:37,setl_RJbdP1SoEccoWo,
pay_A6A5D82HYRx8bC,order_jXaTZH8efvuzXk,acc_ACMERT0001,59723,INR,upi,captured,0,0,59723,2026-08-01 11:57:36,2026-08-01 11:58:10,,
pay_3qLFOBCS78FUA0,order_kjGiFTDi9TG3Hh,acc_ACMERT0001,58547,INR,upi,failed,0,0,0,2026-08-01 12:35:23,,,
pay_hM2AhhxKscHjhx,order_txtsFbYjjYLAd7,acc_ACMERT0001,426053,INR,netbanking,captured,8095,1457,416501,2026-08-01 12:52:47,2026-08-01 12:52:55,setl_1kznjIa6OVNsrJ,
pay_GhUd1xqOGwhdWP,order_8hCtKVaDvpZVLK,acc_ACMERT0001,3791395,INR,upi,captured,0,0,3791395,2026-08-01 14:22:19,2026-08-01 14:22:56,setl_1kznjIa6OVNsrJ,
pay_YPzXm4tfcIvyUU,order_V4iHIsnfGJtHvW,acc_ACMERT0001,45385,INR,upi,captured,0,0,45385,2026-08-01 15:15:53,2026-08-01 15:16:21,setl_1kznjIa6OVNsrJ,
pay_sAz4RSJ3tUVu6w,order_a0r5HN6jSzCPn4,acc_ACMERT0001,883710,INR,upi,failed,0,0,0,2026-08-01 21:44:22,,,
pay_78CZD91WhgYNNY,order_28g0JcGgkOh3n6,acc_ACMERT0001,942563,INR,card,partially_refunded,18851,3393,920319,2026-08-01 21:48:32,2026-08-01 21:48:39,setl_1kznjIa6OVNsrJ,
pay_RiTyHVpguHLm0X,order_xDgjTB1AffdB4i,acc_ACMERT0001,146808,INR,upi,captured,0,0,146808,2026-08-01 23:25:37,2026-08-01 23:26:03,setl_1kznjIa6OVNsrJ,
pay_jPxv0ih2mCAXXa,order_p1ZEvsGkfrxTWA,acc_ACMERT0001,89743,INR,card,captured,1795,323,87625,2026-08-01 23:26:50,2026-08-01 23:27:18,setl_1kznjIa6OVNsrJ,
pay_4qwRkl035GcZev,order_BhNohJoFqvYwXc,acc_ACMERT0001,89630,INR,upi,refunded,0,0,89630,2026-08-01 23:38:42,2026-08-01 23:38:46,,
pay_tKACf2OGnY9jxI,order_kYpI8B96JCca0D,acc_ACMERT0001,93878,INR,wallet,failed,0,0,0,2026-08-02 07:03:59,,,
pay_sxdwD6y4P3BeMs,order_kYpI8B96JCca0D,acc_ACMERT0001,93878,INR,wallet,captured,1643,296,91939,2026-08-02 07:09:59,2026-08-02 07:10:16,setl_JEc732Eewvmt7G,retry after failed attempt
pay_yo5zvIc9Q4CVrP,order_f3kTbKOYXTtJPh,acc_ACMERT0001,45509,INR,upi,captured,0,0,45509,2026-08-02 08:36:33,2026-08-02 08:37:04,setl_73nmWKVVt1SRn4,
pay_we3cAEKtKC5vYy,order_E1U1MiWiGODWCQ,acc_ACMERT0001,541013,INR,upi,captured,0,0,541013,2026-08-02 09:51:39,2026-08-02 09:52:06,setl_73nmWKVVt1SRn4,
pay_TFWzIfY4PPeIb5,order_10QCRhw0y0Mwyl,acc_ACMERT0001,208840,INR,netbanking,failed,0,0,0,2026-08-02 10:29:23,,,
pay_u4R8vOqWTCrpQu,order_vnD9Mvb6SiP7aM,acc_ACMERT0001,905383,INR,upi,failed,0,0,0,2026-08-02 12:26:35,,,
pay_rMq1Ryw1OnL1Gs,order_ckVIKetfzSh1iU,acc_ACMERT0001,38309,INR,upi,failed,0,0,0,2026-08-02 13:39:32,,,
pay_CaoVbWrR6Twmf0,order_NOtZTooF9xcrF5,acc_ACMERT0001,51870,INR,upi,captured,0,0,51870,2026-08-02 13:52:40,2026-08-02 13:52:58,setl_73nmWKVVt1SRn4,
pay_dmpWMLpFGWGy8h,order_rduDJAeEbAOo64,acc_ACMERT0001,76610,INR,card,captured,1532,276,74802,2026-08-02 14:48:35,2026-08-02 14:48:44,setl_73nmWKVVt1SRn4,
pay_KGFkJmQVKRRMKl,order_eLiVeiq7K2o4HU,acc_ACMERT0001,11515,INR,netbanking,failed,0,0,0,2026-08-02 15:43:35,,,
pay_a8BPR8Pd28uB2A,order_rhRHDFxHWc4Uod,acc_ACMERT0001,167666,INR,card,captured,3353,604,163709,2026-08-02 17:00:25,2026-08-02 17:00:31,setl_73nmWKVVt1SRn4,
pay_G5bhQ7Il9brYnp,order_1T14LCfZIMuzLc,acc_ACMERT0001,2425881,INR,upi,captured,0,0,2425881,2026-08-02 20:11:26,2026-08-02 20:12:00,setl_73nmWKVVt1SRn4,
pay_uyqfhgIksjlqXf,order_jt8ARkdN9ulbTd,acc_ACMERT0001,19336,INR,card,refunded,387,70,18879,2026-08-02 20:57:20,2026-08-02 20:57:28,,
pay_xaewbJhjsCmOL6,order_Wxcbmmslo4qUlv,acc_ACMERT0001,22844,INR,netbanking,captured,434,78,22332,2026-08-03 07:11:53,2026-08-03 07:12:00,setl_MsYQ28peNg4a2b,
pay_b1RiyPY4hv7ntD,order_pxZxQk8HZN4B4T,acc_ACMERT0001,18571,INR,card,captured,371,67,18133,2026-08-03 13:12:34,2026-08-03 13:12:58,setl_MsYQ28peNg4a2b,
pay_GyW4PWGxFHDluT,order_xHSET9FErLzO6Y,acc_ACMERT0001,24386,INR,upi,captured,0,0,24386,2026-08-03 13:28:55,2026-08-03 13:29:09,setl_MsYQ28peNg4a2b,
pay_XjjEtMvsxaHLQR,order_jdpG01J2dBwmmO,acc_ACMERT0001,558143,INR,netbanking,captured,10605,1909,545629,2026-08-03 13:42:30,2026-08-03 13:43:00,setl_MsYQ28peNg4a2b,
pay_oqPew5fs1GGIPf,order_Yr7oghexcImvmR,acc_ACMERT0001,27987,INR,card,failed,0,0,0,2026-08-03 13:45:38,,,
pay_ZbVoSB9e6pmkvt,order_eOOgbEBZbLZO7v,acc_ACMERT0001,41036,INR,netbanking,captured,780,140,40116,2026-08-03 14:21:53,2026-08-03 14:22:15,setl_MsYQ28peNg4a2b,
pay_tB4yKk71xqJfiW,order_fsCHwoLcDGNvBC,acc_ACMERT0001,180427,INR,upi,captured,0,0,180427,2026-08-03 17:17:24,2026-08-03 17:17:53,setl_MsYQ28peNg4a2b,
pay_ds2yzgNWAo3MYQ,order_NaDyDYB4NNgvP8,acc_ACMERT0001,43896,INR,upi,captured,0,0,43896,2026-08-03 17:37:12,2026-08-03 17:37:13,setl_MsYQ28peNg4a2b,
pay_MTeLY1m5KiOGqw,order_AEUNClpiZcditL,acc_ACMERT0001,4164072,INR,upi,failed,0,0,0,2026-08-03 18:19:37,,,
pay_MSv2LK9vNtAvkg,order_D4Y6cFo6aOoSoD,acc_ACMERT0001,31726,INR,upi,refunded,0,0,31726,2026-08-03 19:13:25,2026-08-03 19:13:26,,
pay_HYp8eXMNCWgOCL,order_hfd6cyu42SeYid,acc_ACMERT0001,129028,INR,netbanking,captured,2452,441,126135,2026-08-03 20:04:06,2026-08-03 20:04:42,setl_MsYQ28peNg4a2b,
pay_uMBOp6cWNLm2Is,order_YjupdOYr3i2G9L,acc_ACMERT0001,15335,INR,netbanking,captured,291,52,14992,2026-08-03 22:50:42,2026-08-03 22:50:53,setl_MsYQ28peNg4a2b,
pay_uJOmNn7Iz8Bhon,order_gwulazPuaynDoe,acc_ACMERT0001,34181,INR,upi,captured,0,0,34181,2026-08-04 08:04:56,2026-08-04 08:05:16,setl_D774Z6nh6OV8RY,
pay_sP46DwS1TYtzN0,order_Z2lApl5NUBDy6Q,acc_ACMERT0001,153167,INR,card,failed,0,0,0,2026-08-04 08:15:56,,,
pay_adXyXm7px6pmfb,order_Abav0mRQeo94gZ,acc_ACMERT0001,93790,INR,netbanking,captured,1782,321,91687,2026-08-04 08:26:32,2026-08-04 08:26:53,setl_D774Z6nh6OV8RY,
pay_r4OIsQ6eSUU5n6,order_FAWJhxeWgGXXuA,acc_ACMERT0001,43165,INR,upi,captured,0,0,43165,2026-08-04 08:29:01,2026-08-04 08:29:31,setl_D774Z6nh6OV8RY,
pay_XMFgTIY72Kkq9g,order_MuOSyR7XSivlOW,acc_ACMERT0001,41596,INR,netbanking,captured,790,142,40664,2026-08-04 09:21:01,2026-08-04 09:21:39,setl_D774Z6nh6OV8RY,
pay_7ij8vKOZM6MK3z,order_yn8zeIymEgvK9C,acc_ACMERT0001,21234,INR,upi,captured,0,0,21234,2026-08-04 10:43:35,2026-08-04 10:44:14,setl_D774Z6nh6OV8RY,
pay_yvVz2mzcaqhT6i,order_uQVDFDefJQpT8C,acc_ACMERT0001,369205,INR,card,captured,7384,1329,360492,2026-08-04 12:53:01,2026-08-04 12:53:13,setl_D774Z6nh6OV8RY,
pay_u2mBX8SAnCC2Jb,order_xiK3it8VaFZQ1w,acc_ACMERT0001,155740,INR,card,captured,3115,561,152064,2026-08-04 16:20:37,2026-08-04 16:20:40,setl_D774Z6nh6OV8RY,
pay_shIVzkeQWaRrjC,order_wlnTc5RInCSd1O,acc_ACMERT0001,76946,INR,netbanking,captured,1462,263,75221,2026-08-04 19:44:19,2026-08-04 19:44:58,setl_D774Z6nh6OV8RY,
pay_Fblme69ysnosQH,order_eDdxHaku36Azkh,acc_ACMERT0001,68025,INR,card,captured,1360,245,66420,2026-08-04 19:57:55,2026-08-04 19:58:09,setl_D774Z6nh6OV8RY,
pay_tB0TQEkMK8tLmG,order_TRDrmajCe0zMZp,acc_ACMERT0001,714807,INR,upi,captured,0,0,714807,2026-08-04 21:29:36,2026-08-04 21:29:42,setl_D774Z6nh6OV8RY,
pay_6qaXts0wYz8z0L,order_WPaEPGW8j3zooU,acc_ACMERT0001,185220,INR,upi,captured,0,0,185220,2026-08-04 21:46:52,2026-08-04 21:46:58,setl_oco80CpzaBd9eZ,
pay_yMH9Wr7FEWvMBv,order_xR4vu0p8xQzyNd,acc_ACMERT0001,305043,INR,wallet,captured,5338,961,298744,2026-08-05 07:29:55,2026-08-05 07:30:04,setl_aK5cQe9X4rTsUE,
pay_q53ACO6Ng3Okfs,order_fyhrevbLpEFRWg,acc_ACMERT0001,10473,INR,card,captured,209,38,10226,2026-08-05 08:06:13,2026-08-05 08:06:14,setl_aK5cQe9X4rTsUE,
pay_VxyFtPLeA4c6hy,order_7KkmWB9qX6WUwG,acc_ACMERT0001,146516,INR,upi,failed,0,0,0,2026-08-05 08:41:24,,,
pay_sKC9Omr3YEf8xz,order_ykECBGNVBWj09Y,acc_ACMERT0001,648158,INR,upi,failed,0,0,0,2026-08-05 09:48:58,,,
pay_H6m4Bk1BqStG9I,order_Q4yLtUAW47U3fg,acc_ACMERT0001,561122,INR,upi,captured,0,0,561122,2026-08-05 11:17:47,2026-08-05 11:18:13,setl_aK5cQe9X4rTsUE,
pay_Stak0FageXSAHA,order_PsUBklxlTimFlG,acc_ACMERT0001,105724,INR,wallet,captured,1850,333,103541,2026-08-05 12:12:03,2026-08-05 12:12:16,,
pay_lCOae3Fe9mdOj8,order_niflLJ1Y7npGfB,acc_ACMERT0001,22945,INR,upi,captured,0,0,22945,2026-08-05 14:27:11,2026-08-05 14:27:31,setl_aK5cQe9X4rTsUE,
pay_V4viruPYWcHYAP,order_0sWbo2UvvpnId6,acc_ACMERT0001,4361532,INR,netbanking,partially_refunded,82869,14916,4263747,2026-08-05 14:38:55,2026-08-05 14:39:16,setl_aK5cQe9X4rTsUE,
pay_yGOVoGLTaobNW5,order_htpVBWpNfdixFs,acc_ACMERT0001,59937,INR,card,captured,1199,216,58522,2026-08-05 14:59:46,2026-08-05 15:00:15,setl_aK5cQe9X4rTsUE,
pay_VppEc60xOTRbSQ,order_PjqMD8RjqpML8Q,acc_ACMERT0001,16049,INR,netbanking,captured,305,55,15689,2026-08-05 19:25:45,2026-08-05 19:25:51,setl_aK5cQe9X4rTsUE,
pay_MIjJUlqyDtDsyJ,order_MEeviTEmj6maa3,acc_ACMERT0001,715326,INR,upi,failed,0,0,0,2026-08-05 19:59:26,,,
pay_FsT9ydZvj0Tn2U,order_7ZoSVd73Xl2FUz,acc_ACMERT0001,366926,INR,card,captured,7339,1321,358266,2026-08-06 07:35:25,2026-08-06 07:35:56,setl_juVOwAlLzxDwXs,
pay_zVNYfwB8787EQ2,order_S5gUysMmTj3H4K,acc_ACMERT0001,233287,INR,netbanking,captured,4432,798,228057,2026-08-06 11:31:50,2026-08-06 11:32:26,setl_oco80CpzaBd9eZ,
pay_7IOUFfYSv3o7KX,order_7MePvy6TVVUyPP,acc_ACMERT0001,2832752,INR,netbanking,captured,53822,9688,2769242,2026-08-06 14:14:16,2026-08-06 14:14:22,setl_juVOwAlLzxDwXs,
pay_zaI2Duj08s1oFR,order_DjMsjVQ2Z0ScMu,acc_ACMERT0001,1517845,INR,card,captured,30357,5464,1482024,2026-08-06 15:54:45,2026-08-06 15:54:59,setl_juVOwAlLzxDwXs,
pay_Mh3Hr8SW0pxCNR,order_Q3EGAQmaO980ub,acc_ACMERT0001,971555,INR,upi,captured,0,0,971555,2026-08-06 17:43:28,2026-08-06 17:44:00,setl_juVOwAlLzxDwXs,
pay_wWzzeHUssS7mS2,order_JzgiuWYL3Zd27T,acc_ACMERT0001,86060,INR,card,captured,1721,310,84029,2026-08-06 21:44:30,2026-08-06 21:44:40,setl_juVOwAlLzxDwXs,
pay_3Dk5C9hEQIppnk,order_W8QSfgBTbk77u5,acc_ACMERT0001,26883,INR,card,captured,538,97,26248,2026-08-06 22:57:42,2026-08-06 22:57:51,setl_juVOwAlLzxDwXs,
pay_hfvVL7mV8hKxi2,order_u9yKVatdLIm2yB,acc_ACMERT0001,83110,INR,card,captured,1662,299,81149,2026-08-06 23:42:38,2026-08-06 23:42:45,setl_juVOwAlLzxDwXs,
pay_J0IYZHFeH1LIT0,order_YPhWWn9Q5hl3MS,acc_ACMERT0001,132390,INR,card,captured,2648,477,129265,2026-08-07 10:02:08,2026-08-07 10:02:19,setl_Ki0Yn0Szf0A4hG,
pay_FPQ6GobLKKErSV,order_gYLlyEPSBtKigu,acc_ACMERT0001,763621,INR,card,captured,15272,2749,745600,2026-08-07 12:25:52,2026-08-07 12:26:18,setl_Ki0Yn0Szf0A4hG,
pay_perhIhRJAevOfx,order_6vXrj3Zoragyoy,acc_ACMERT0001,329502,INR,wallet,failed,0,0,0,2026-08-07 12:33:46,,,
pay_wMIGnSgQ0cpcmj,order_t21n9iMJnLwriU,acc_ACMERT0001,26709,INR,upi,failed,0,0,0,2026-08-07 15:24:41,,,
pay_k2cqUEYeoD6k7R,order_t21n9iMJnLwriU,acc_ACMERT0001,26709,INR,upi,captured,0,0,26709,2026-08-07 15:32:41,2026-08-07 15:32:45,setl_fQDZ5vNUx2E99q,retry after failed attempt
pay_fJq2WcfhGtx9Ik,order_B8Qaptc88H5YsQ,acc_ACMERT0001,42141,INR,upi,failed,0,0,0,2026-08-07 17:33:58,,,
pay_nZVmVPaxU2KgRY,order_2jy8BR1k7dgwEl,acc_ACMERT0001,43779,INR,wallet,failed,0,0,0,2026-08-07 17:37:27,,,
pay_OUzpchpzFtSM9l,order_PVyXSYQQfXD30P,acc_ACMERT0001,166685,INR,card,partially_refunded,3334,600,162751,2026-08-07 18:00:07,2026-08-07 18:00:15,setl_Ki0Yn0Szf0A4hG,
pay_zDf8qRB8SjIneO,order_UrOSPmTxKQP0GM,acc_ACMERT0001,531727,INR,card,failed,0,0,0,2026-08-07 20:24:01,,,
pay_L0ZFgHwSK3sJrM,order_g5dku8WylwZVR9,acc_ACMERT0001,155552,INR,netbanking,captured,2955,532,152065,2026-08-07 22:37:08,2026-08-07 22:37:41,setl_Ki0Yn0Szf0A4hG,
pay_SpQ0BmETYZgSUG,order_Nlm2LOOjohizcr,acc_ACMERT0001,2788044,INR,wallet,captured,48791,8782,2730471,2026-08-08 07:39:12,2026-08-08 07:39:16,setl_S5WmTa5YGZgFj6,
pay_9PG05c7D5N2Fdw,order_aNDvtwgaw4Ulzw,acc_ACMERT0001,101785,INR,card,failed,0,0,0,2026-08-08 09:33:32,,,
pay_Ah6FajXQqoEzxt,order_xB5lIZrgCQ1Cki,acc_ACMERT0001,144171,INR,card,captured,2883,519,140769,2026-08-08 13:07:12,2026-08-08 13:07:21,setl_S5WmTa5YGZgFj6,
pay_1iGw8dBFykxhv6,order_Rp1I2X2hstEsqn,acc_ACMERT0001,153185,INR,card,failed,0,0,0,2026-08-08 13:59:19,,,
pay_4CWFBWGcQXJUVK,order_Rp1I2X2hstEsqn,acc_ACMERT0001,153185,INR,card,captured,3064,552,149569,2026-08-08 14:01:19,2026-08-08 14:01:24,setl_70yvQTCUUOrjjW,retry after failed attempt
pay_YbijwGaXRpdR1v,order_BMVaBEssFfWBpN,acc_ACMERT0001,115396,INR,card,failed,0,0,0,2026-08-08 15:49:07,,,
pay_QijyKVrd6UOxTX,order_pRMATDlCwZDGsr,acc_ACMERT0001,109969,INR,wallet,captured,1924,346,107699,2026-08-08 16:40:54,2026-08-08 16:41:14,setl_S5WmTa5YGZgFj6,
pay_zAVv5ckQm8E9Qr,order_hAFJFZRTiuWWX4,acc_ACMERT0001,977931,INR,card,failed,0,0,0,2026-08-08 19:08:07,,,
pay_AXu2fOfeUp8fkK,order_dfVsJ7FZ3a98BR,acc_ACMERT0001,702955,INR,upi,failed,0,0,0,2026-08-08 22:32:43,,,
pay_4IShzaNm61VaTB,order_SIVwpVQ86048HR,acc_ACMERT0001,94179,INR,upi,captured,0,0,94179,2026-08-08 23:57:14,2026-08-08 23:57:38,setl_S5WmTa5YGZgFj6,
pay_6BeEAH78GYbkMr,order_S9isc9KdYSmV0z,acc_ACMERT0001,184607,INR,upi,captured,0,0,184607,2026-08-09 09:10:28,2026-08-09 09:10:53,setl_MtvyxntBNL6EON,
pay_mejeBpD6PzgUHi,order_UWZaMgyybh0aW1,acc_ACMERT0001,26275,INR,upi,failed,0,0,0,2026-08-09 09:17:09,,,
pay_MaY9a9YgIV0v2T,order_fmiEWK5C0ktvEj,acc_ACMERT0001,120112,INR,card,captured,2402,432,117278,2026-08-09 10:01:52,2026-08-09 10:02:27,setl_MtvyxntBNL6EON,
pay_JXyzMrnlakKnLS,order_a47YGDGTUHqt2o,acc_ACMERT0001,17805,INR,card,captured,356,64,17385,2026-08-09 12:14:02,2026-08-09 12:14:21,setl_MtvyxntBNL6EON,
pay_OZ2WzjCoUUBxj5,order_EfFlDl03lmKF8U,acc_ACMERT0001,30326,INR,card,captured,607,109,29610,2026-08-09 12:56:11,2026-08-09 12:56:50,setl_MtvyxntBNL6EON,
pay_AHtSOoovBEdGBP,order_dthrxr8wTApu5d,acc_ACMERT0001,31078,INR,card,partially_refunded,622,112,30344,2026-08-09 13:18:30,2026-08-09 13:19:09,setl_MtvyxntBNL6EON,
pay_sgG41Aja6oboBy,order_jwPso64RyR4T05,acc_ACMERT0001,17217,INR,card,captured,344,62,16811,2026-08-09 14:06:18,2026-08-09 14:06:58,setl_MtvyxntBNL6EON,
pay_hcL964P0mmTC7g,order_e8INvtUEWmIUjc,acc_ACMERT0001,116198,INR,card,captured,2324,418,113456,2026-08-09 18:57:23,2026-08-09 18:57:31,setl_z0FgrLsN1He1Ns,
pay_gBlq8FxvthgQaR,order_JX3ivxVZxVXLHM,acc_ACMERT0001,105058,INR,card,captured,2101,378,102579,2026-08-09 19:05:56,2026-08-09 19:06:35,setl_MtvyxntBNL6EON,
pay_cOj84r7ir3YdPp,order_0nIhaPwOMxuf8T,acc_ACMERT0001,18756,INR,netbanking,captured,356,64,18336,2026-08-09 20:57:39,2026-08-09 20:57:43,setl_MtvyxntBNL6EON,
pay_O0a0woU9rlqbIQ,order_3X8XLgUVSy8Pq3,acc_ACMERT0001,104043,INR,upi,captured,0,0,104043,2026-08-09 21:14:20,2026-08-09 21:14:58,setl_MtvyxntBNL6EON,
pay_xMX2vbpskIgenM,order_aW6tmJmO7cprfK,acc_ACMERT0001,176827,INR,upi,captured,0,0,176827,2026-08-10 08:03:20,2026-08-10 08:03:40,setl_U1TO7gDyVvpMEc,
pay_4Of8To4nZRPjXT,order_k9GHUMPH7XvCYi,acc_ACMERT0001,162958,INR,card,captured,3259,587,159112,2026-08-10 08:57:45,2026-08-10 08:58:10,setl_U1TO7gDyVvpMEc,
pay_MYOviZ8P6pyAJF,order_IIFII0oyfLTAHK,acc_ACMERT0001,429988,INR,upi,captured,0,0,429988,2026-08-10 09:15:23,2026-08-10 09:15:25,setl_U1TO7gDyVvpMEc,
pay_xJE9i6hd6wx223,order_X0isDj12J76Apn,acc_ACMERT0001,19030,INR,netbanking,captured,362,65,18603,2026-08-10 10:44:45,2026-08-10 10:44:47,setl_U1TO7gDyVvpMEc,
pay_CYPSashjd4PcMW,order_lGkaz1BR84DJT1,acc_ACMERT0001,130224,INR,card,captured,2604,469,127151,2026-08-10 14:27:59,2026-08-10 14:28:05,setl_U1TO7gDyVvpMEc,
pay_awWs9zGmuWzUwi,order_SRgvA5VGgGZXjb,acc_ACMERT0001,59806,INR,upi,captured,0,0,59806,2026-08-10 16:10:09,2026-08-10 16:10:15,setl_U1TO7gDyVvpMEc,
pay_hx776f5cMjlBHv,order_MlRBj5QRtN0sw4,acc_ACMERT0001,893875,INR,card,captured,17878,3218,872779,2026-08-10 18:59:16,2026-08-10 18:59:21,setl_U1TO7gDyVvpMEc,
pay_Hy8iVnzNdozl0V,order_JM1e0SDEuPPz0y,acc_ACMERT0001,878058,INR,card,captured,17561,3161,857336,2026-08-10 20:12:17,2026-08-10 20:12:22,setl_U1TO7gDyVvpMEc,
pay_Ya37jXPjujyCUY,order_YE0ehKB9Urjfui,acc_ACMERT0001,133706,INR,card,captured,2674,481,130551,2026-08-10 22:27:30,2026-08-10 22:27:57,setl_KwbQ7xPvAV1au3,
pay_S9BxdSgQLeE1M3,order_kbjxjfpeaK10Aj,acc_ACMERT0001,86729,INR,upi,captured,0,0,86729,2026-08-10 23:44:19,2026-08-10 23:44:41,setl_U1TO7gDyVvpMEc,
pay_ndn3b8WRBrqOlf,order_jerzft3TC3AHnQ,acc_ACMERT0001,13522,INR,netbanking,captured,257,46,13219,2026-08-11 09:57:57,2026-08-11 09:58:17,setl_HFl5Cs2kcsMvBh,
pay_NPdVYpS0Jaj2gs,order_ykKz2eoy3DQfwD,acc_ACMERT0001,171858,INR,upi,refunded,0,0,171858,2026-08-11 10:05:11,2026-08-11 10:05:37,,
pay_IBys2QSRBOsSN8,order_752gfZ1gfPbN7A,acc_ACMERT0001,854128,INR,card,captured,17083,3075,833970,2026-08-11 10:40:28,2026-08-11 10:40:31,setl_HFl5Cs2kcsMvBh,
pay_kmw8AEEISYk9SB,order_w6SKy0aJY5MmeU,acc_ACMERT0001,134864,INR,upi,failed,0,0,0,2026-08-11 17:00:09,,,
pay_nNMe9jKOFgZajX,order_3tJ3ZY5fFgDuk7,acc_ACMERT0001,47782,INR,card,captured,956,172,46654,2026-08-11 18:22:05,2026-08-11 18:22:35,setl_HFl5Cs2kcsMvBh,
pay_XBmzveuvMFnSVE,order_hrDcIj8EjOnuKc,acc_ACMERT0001,265431,INR,wallet,failed,0,0,0,2026-08-11 18:50:27,,,
pay_7jF3uhYRAqHUaC,order_812iOCOLgcnVmA,acc_ACMERT0001,830134,INR,upi,captured,0,0,830134,2026-08-11 19:13:22,2026-08-11 19:13:35,setl_HFl5Cs2kcsMvBh,
pay_RK9ax0xbt5tG03,order_hSFPDAAww1IBHW,acc_ACMERT0001,2924445,INR,card,captured,58489,10528,2855428,2026-08-11 20:23:11,2026-08-11 20:23:22,setl_HFl5Cs2kcsMvBh,
pay_qEqW4CP7i8hKFc,order_x2szA2N6RiCxG2,acc_ACMERT0001,15471,INR,upi,captured,0,0,15471,2026-08-11 20:32:28,2026-08-11 20:32:31,setl_HFl5Cs2kcsMvBh,
pay_7mqlmR24Tr9zgL,order_YXLtkYn9UFB4CB,acc_ACMERT0001,30889,INR,upi,captured,0,0,30889,2026-08-12 10:38:24,2026-08-12 10:39:01,setl_MKbCFxYSBbTH5S,
pay_Z7KBi8OyUlz5uH,order_kBogTZiGhOKYz1,acc_ACMERT0001,779763,INR,upi,captured,0,0,779763,2026-08-12 12:20:13,2026-08-12 12:20:15,setl_MKbCFxYSBbTH5S,
pay_15Y6ARpa56Acab,order_jYx10H0VMuvk9K,acc_ACMERT0001,35648,INR,wallet,captured,624,112,34912,2026-08-12 13:39:41,2026-08-12 13:39:45,setl_MKbCFxYSBbTH5S,
pay_enRAy4uO6CZklt,order_a5lQKOM2chvwEN,acc_ACMERT0001,44193,INR,upi,captured,0,0,44193,2026-08-12 15:59:07,2026-08-12 15:59:09,setl_MKbCFxYSBbTH5S,
pay_2AnoXDJyhm2E8h,order_w9Y6DA60PTYVza,acc_ACMERT0001,732216,INR,wallet,captured,12814,2307,717095,2026-08-12 16:17:56,2026-08-12 16:18:16,setl_MKbCFxYSBbTH5S,
pay_wx5O0eCk4c9GqL,order_AsM04P89Hwzbhl,acc_ACMERT0001,98736,INR,netbanking,captured,1876,338,96522,2026-08-12 18:15:04,2026-08-12 18:15:28,setl_MKbCFxYSBbTH5S,
pay_BaOXLjbNTI6fKy,order_bVUiDOOXwlpP5o,acc_ACMERT0001,114291,INR,card,captured,2286,411,111594,2026-08-12 19:49:16,2026-08-12 19:49:34,setl_MKbCFxYSBbTH5S,
pay_f7jObOL3ghD7Mh,order_gjsq5lfeF2x61n,acc_ACMERT0001,55755,INR,card,failed,0,0,0,2026-08-12 20:04:31,,,
pay_xjXuhauSaTvnDK,order_Yu5oJeysMnHngJ,acc_ACMERT0001,69614,INR,card,captured,1392,251,67971,2026-08-12 20:43:48,2026-08-12 20:44:09,setl_MKbCFxYSBbTH5S,
pay_IbHGWjn3xh5nbu,order_iofUS8irrEm9fw,acc_ACMERT0001,172432,INR,upi,failed,0,0,0,2026-08-12 22:27:32,,,
pay_mdZFFcrAhhCkMu,order_LypKbsbPY2Ka6D,acc_ACMERT0001,622377,INR,card,failed,0,0,0,2026-08-13 08:57:34,,,
pay_0aigu3SUBokfmU,order_5Zx05Ia7S3dq4Y,acc_ACMERT0001,29941,INR,card,captured,599,108,29234,2026-08-13 09:16:21,2026-08-13 09:16:46,setl_CQIxJqEeYQlLAh,
pay_cvPbeEg1ZAUtru,order_WwzfJXuFNdztSD,acc_ACMERT0001,81827,INR,upi,captured,0,0,81827,2026-08-13 18:39:06,2026-08-13 18:39:10,setl_CQIxJqEeYQlLAh,
pay_MrHMFHBgRdPp9h,order_ohd5cKrpeIgro4,acc_ACMERT0001,610945,INR,upi,captured,0,0,610945,2026-08-13 19:06:14,2026-08-13 19:06:32,setl_CQIxJqEeYQlLAh,
pay_b5DlrbEQHCwqh7,order_JfwBnjzGBGvdCr,acc_ACMERT0001,35068,INR,card,captured,701,126,34241,2026-08-13 20:12:18,2026-08-13 20:12:30,setl_CQIxJqEeYQlLAh,
pay_FnkYnwOsTMsUag,order_lG6SNEVt26Spku,acc_ACMERT0001,31768,INR,upi,captured,0,0,31768,2026-08-13 21:09:00,2026-08-13 21:09:28,setl_66NZYXfekjvkH0,
pay_TDPj2Gg6io6xyC,order_3NGmXzmerBkRt8,acc_ACMERT0001,88611,INR,netbanking,captured,1684,303,86624,2026-08-13 21:56:06,2026-08-13 21:56:22,setl_CQIxJqEeYQlLAh,
pay_rSk7iLDhiu3jWL,order_4295AOCQhHHpKE,acc_ACMERT0001,2350194,INR,upi,captured,0,0,2350194,2026-08-13 22:14:05,2026-08-13 22:14:24,setl_KwbQ7xPvAV1au3,
pay_TfwJ13pQPV2nSe,order_eFdnaQnD0ymFgv,acc_ACMERT0001,188318,INR,card,captured,3766,678,183874,2026-08-13 23:54:20,2026-08-13 23:54:40,setl_CQIxJqEeYQlLAh,
pay_fWiN6tYpLGxiNI,order_5K4sdW2zizQaDZ,acc_ACMERT0001,64246,INR,upi,captured,0,0,64246,2026-08-14 09:03:17,2026-08-14 09:03:24,setl_EEEnglyJOOI2Ze,
pay_blq4ekRW2aMwEL,order_aF3pEhc0bKRs1o,acc_ACMERT0001,19606,INR,upi,captured,0,0,19606,2026-08-14 10:06:19,2026-08-14 10:06:41,setl_EEEnglyJOOI2Ze,
pay_CFVwIqQFqxDa0w,order_tTv5HXQ2351MEh,acc_ACMERT0001,55433,INR,card,partially_refunded,1109,200,54124,2026-08-14 11:26:54,2026-08-14 11:27:04,setl_EEEnglyJOOI2Ze,
pay_tmcLHSv1NhBYDK,order_9YYwshaF7RjDRj,acc_ACMERT0001,46578,INR,upi,captured,0,0,46578,2026-08-14 12:19:31,2026-08-14 12:19:50,setl_EEEnglyJOOI2Ze,
pay_6fsocE7wpZROyB,order_z95g5q6tMtlKBR,acc_ACMERT0001,345936,INR,netbanking,captured,6573,1183,338180,2026-08-14 13:16:08,2026-08-14 13:16:21,setl_EEEnglyJOOI2Ze,
pay_aDcns0LhdFtaBw,order_Q1adqiw4sY2GQ9,acc_ACMERT0001,15636,INR,upi,captured,0,0,15636,2026-08-14 15:09:46,2026-08-14 15:10:24,setl_EEEnglyJOOI2Ze,
pay_ZFNSmheajM4hHg,order_pngEb1GCzd7htz,acc_ACMERT0001,25396,INR,upi,captured,0,0,25396,2026-08-14 15:52:39,2026-08-14 15:53:19,setl_EEEnglyJOOI2Ze,
pay_vMg0sKESv3dhVL,order_RGVTdSnHjJV9Fi,acc_ACMERT0001,90573,INR,card,captured,1811,326,88436,2026-08-14 16:40:19,2026-08-14 16:40:20,setl_EEEnglyJOOI2Ze,
pay_wFbpKVSBxnVfm6,order_9yOg9r4ORI56C9,acc_ACMERT0001,32861,INR,netbanking,captured,624,112,32125,2026-08-14 17:25:37,2026-08-14 17:25:55,setl_EEEnglyJOOI2Ze,
pay_ttftK7ODIlyY41,order_BgiHCSuG7RTwDw,acc_ACMERT0001,157546,INR,upi,captured,0,0,157546,2026-08-14 21:01:58,2026-08-14 21:02:25,setl_EEEnglyJOOI2Ze,
pay_SuL9LwLN1zecb2,order_UkogQgF7REuWoX,acc_ACMERT0001,448111,INR,netbanking,captured,8514,1533,438064,2026-08-15 10:57:56,2026-08-15 10:58:21,setl_M13oV6iEN8YG4A,
pay_9seIKp2H7NGtzN,order_dIS5hLE76qPbcv,acc_ACMERT0001,13892,INR,upi,captured,0,0,13892,2026-08-15 11:13:35,2026-08-15 11:13:57,setl_M13oV6iEN8YG4A,
pay_sDhKyaLtcPP5QN,order_Cc66w9iD4UDrak,acc_ACMERT0001,727649,INR,card,captured,14553,2620,710476,2026-08-15 13:22:57,2026-08-15 13:23:22,setl_M13oV6iEN8YG4A,
pay_GwwN5J2iZeCBOy,order_3eKfiYHtghFodM,acc_ACMERT0001,28998,INR,upi,captured,0,0,28998,2026-08-15 15:24:45,2026-08-15 15:24:56,setl_M13oV6iEN8YG4A,
pay_BjOblj0VQpkGVS,order_ImEEssQg9LFxQr,acc_ACMERT0001,78137,INR,card,captured,1563,281,76293,2026-08-15 21:26:52,2026-08-15 21:26:54,setl_M13oV6iEN8YG4A,
pay_VkB0HZYmfLbO9Q,order_gncZi5axXAKI3e,acc_ACMERT0001,188452,INR,card,captured,3769,678,184005,2026-08-15 22:12:53,2026-08-15 22:13:24,setl_M13oV6iEN8YG4A,
pay_WA7edNqhc2VeCW,order_xMO1b7lugSCyiO,acc_ACMERT0001,26547,INR,upi,captured,0,0,26547,2026-08-15 22:28:43,2026-08-15 22:28:56,setl_M13oV6iEN8YG4A,
pay_GelPjwPUKvDT2Y,order_irYWQt7ze61PEy,acc_ACMERT0001,97284,INR,wallet,captured,1702,306,95276,2026-08-15 23:49:42,2026-08-15 23:49:51,setl_M13oV6iEN8YG4A,
pay_qk9yDV7pi6arZR,order_8rfpXIsvKzcNrx,acc_ACMERT0001,49845,INR,card,captured,997,179,48669,2026-08-16 07:07:19,2026-08-16 07:07:40,setl_u6t28EGFyW31SL,
pay_bF1crrLyt09fdr,order_2NyFb3yyCconyl,acc_ACMERT0001,129992,INR,upi,refunded,0,0,129992,2026-08-16 08:34:48,2026-08-16 08:34:50,,
pay_tY24ob7dbXYZmI,order_M3yRRVbJEdyXyS,acc_ACMERT0001,776239,INR,card,captured,15525,2794,757920,2026-08-16 11:07:28,2026-08-16 11:08:08,setl_KwbQ7xPvAV1au3,
pay_MP4psiMzEQhQee,order_q8InFTV0w562oC,acc_ACMERT0001,4272431,INR,upi,captured,0,0,4272431,2026-08-16 16:55:41,2026-08-16 16:55:59,setl_u6t28EGFyW31SL,
pay_5xwmvB6dpofLao,order_AVW4ZYIKcZa3Up,acc_ACMERT0001,18304,INR,netbanking,captured,348,63,17893,2026-08-16 21:11:18,2026-08-16 21:11:41,setl_u6t28EGFyW31SL,
pay_6MW5v716qZWLnW,order_bvU1NB3BYU7VWd,acc_ACMERT0001,125345,INR,netbanking,captured,2382,429,122534,2026-08-16 21:27:36,2026-08-16 21:28:10,setl_u6t28EGFyW31SL,
pay_uSIGgdw5AT8NFr,order_fn6i1HotVJnhxU,acc_ACMERT0001,25407,INR,netbanking,captured,483,87,24837,2026-08-16 21:41:48,2026-08-16 21:41:56,setl_u6t28EGFyW31SL,
pay_pFeZ8K5NS1WZcw,order_e8AMVN7f4JE8ir,acc_ACMERT0001,42544,INR,upi,captured,0,0,42544,2026-08-16 23:14:41,2026-08-16 23:15:12,setl_66NZYXfekjvkH0,
pay_hGepnuKx10RAeP,order_B4sjbuMYxvA5Px,acc_ACMERT0001,3608506,INR,upi,captured,0,0,3608506,2026-08-17 07:10:23,2026-08-17 07:10:33,setl_mwtm0vHRArqMBQ,
pay_uhfAAGjKFO4Xm5,order_l4DakhAqWJT7EV,acc_ACMERT0001,652376,INR,card,failed,0,0,0,2026-08-17 07:44:10,,,
pay_SpCU94AxfwJGe6,order_xPEMoCYAoK00i7,acc_ACMERT0001,627417,INR,upi,captured,0,0,627417,2026-08-17 11:38:16,2026-08-17 11:38:38,setl_mwtm0vHRArqMBQ,
pay_H5HLG27BsuyuWl,order_9jc08V4UnBHrK4,acc_ACMERT0001,28664,INR,upi,captured,0,0,28664,2026-08-17 12:07:18,2026-08-17 12:07:47,setl_mwtm0vHRArqMBQ,
pay_sWESiUlUXL607G,order_fj5aLLxRPDyuCl,acc_ACMERT0001,75401,INR,upi,captured,0,0,75401,2026-08-17 14:19:31,2026-08-17 14:20:08,setl_mwtm0vHRArqMBQ,
pay_j3NPdohPclRG3C,order_LucJTod8TqqbR2,acc_ACMERT0001,61726,INR,netbanking,captured,1173,211,60342,2026-08-17 14:22:06,2026-08-17 14:22:35,setl_mwtm0vHRArqMBQ,
pay_6LbgMnZuGTXVGY,order_LTw8ny1LcQUjyW,acc_ACMERT0001,15066,INR,wallet,failed,0,0,0,2026-08-17 14:36:32,,,
pay_2lCDbCaDc9wEO2,order_JnAdL8fr5NJu9e,acc_ACMERT0001,28097,INR,upi,captured,0,0,28097,2026-08-17 15:55:31,2026-08-17 15:55:43,setl_mwtm0vHRArqMBQ,
pay_OJUAIUh24HZdME,order_QHHCurm1Ks6pvp,acc_ACMERT0001,1968425,INR,netbanking,failed,0,0,0,2026-08-17 21:20:47,,,
pay_iG3H6y5BwizSJp,order_Tshv505vLMNgUc,acc_ACMERT0001,4984249,INR,card,captured,99685,17943,4866621,2026-08-17 21:58:26,2026-08-17 21:58:54,setl_mwtm0vHRArqMBQ,
pay_XTv6wXXJePdHnx,order_Imk1Iz3TosZk6x,acc_ACMERT0001,26299,INR,card,captured,526,95,25678,2026-08-18 07:02:54,2026-08-18 07:03:28,setl_FxpzETr7KDIvjq,
pay_4ks86qMWg7oQrj,order_gnJ1GWkbM5c95I,acc_ACMERT0001,42005,INR,upi,captured,0,0,42005,2026-08-18 07:23:13,2026-08-18 07:23:50,setl_FxpzETr7KDIvjq,
pay_ZCBzq6drFUovO0,order_ctCAoK4kInXOh8,acc_ACMERT0001,83873,INR,wallet,captured,1468,264,82141,2026-08-18 07:46:01,2026-08-18 07:46:07,setl_FxpzETr7KDIvjq,
pay_BUCHi1Ds6hTT62,order_hC4BFqf3irUQh9,acc_ACMERT0001,24577,INR,card,captured,492,89,23996,2026-08-18 09:20:10,2026-08-18 09:20:28,setl_FxpzETr7KDIvjq,
pay_DOVGRXeTSu57cB,order_g7TYHum1JQ14Oc,acc_ACMERT0001,114464,INR,wallet,failed,0,0,0,2026-08-18 11:37:24,,,
pay_hlD9uQhwSzTiX4,order_E1Z3FMARpbsrGn,acc_ACMERT0001,263756,INR,netbanking,captured,5011,902,257843,2026-08-18 17:16:43,2026-08-18 17:17:09,setl_FxpzETr7KDIvjq,
pay_pOwEHQ9l4t1o4s,order_QFFYOzMwIEsgoh,acc_ACMERT0001,501225,INR,wallet,captured,8771,1579,490875,2026-08-18 20:28:20,2026-08-18 20:28:48,setl_FxpzETr7KDIvjq,
pay_oRmqEjF0lUFsim,order_O4f8H2UVnaBeFJ,acc_ACMERT0001,240698,INR,upi,captured,0,0,240698,2026-08-18 20:44:16,2026-08-18 20:44:54,setl_FxpzETr7KDIvjq,
pay_gGzYFckstboOXS,order_pcrVh0YyPzi0V4,acc_ACMERT0001,14842,INR,card,captured,297,53,14492,2026-08-18 23:46:45,2026-08-18 23:47:12,setl_Z7pY2tQunpDjTj,
pay_rlqKgiZHLPXyvK,order_X2LMr9ZV3NQ6En,acc_ACMERT0001,426957,INR,card,captured,8539,1537,416881,2026-08-19 09:59:51,2026-08-19 10:00:01,setl_ilhxWZdc2ergJI,
pay_hc4BFkOZHFiV3J,order_AzashBsU74RrHu,acc_ACMERT0001,93501,INR,upi,captured,0,0,93501,2026-08-19 11:18:33,2026-08-19 11:19:13,setl_ilhxWZdc2ergJI,
pay_WJYFIFu9PpuDTE,order_GJ2VUf6gBSeyiW,acc_ACMERT0001,81844,INR,card,failed,0,0,0,2026-08-19 12:12:28,,,
pay_vgdNDMkewOJ4ow,order_Oa7mrs063BLUtx,acc_ACMERT0001,116781,INR,upi,captured,0,0,116781,2026-08-19 13:04:37,2026-08-19 13:04:51,setl_z0FgrLsN1He1Ns,
pay_8TxHMqEDn7v7VU,order_27ikHT1EauAljE,acc_ACMERT0001,2307953,INR,card,captured,46159,8309,2253485,2026-08-19 13:12:44,2026-08-19 13:13:14,setl_ilhxWZdc2ergJI,
pay_JrEs6SIGpybFUz,order_8xWITgCoKbzXoC,acc_ACMERT0001,131424,INR,card,captured,2628,473,128323,2026-08-19 17:09:51,2026-08-19 17:09:57,setl_ilhxWZdc2ergJI,
pay_aV1IM6jgVLYzm1,order_M2tYuBGVbtrDmg,acc_ACMERT0001,173574,INR,card,captured,3471,625,169478,2026-08-19 19:18:27,2026-08-19 19:18:54,setl_ilhxWZdc2ergJI,
pay_gJkn38FLpfjzN1,order_EHU1KWodXFqAtV,acc_ACMERT0001,31066,INR,card,captured,621,112,30333,2026-08-19 20:55:00,2026-08-19 20:55:14,setl_ilhxWZdc2ergJI,
pay_mCxHmaLtvg6x6q,order_G6aMrcPrPEzcST,acc_ACMERT0001,199993,INR,card,failed,0,0,0,2026-08-20 07:55:45,,,
pay_MODFlEV3PWIZgc,order_xbN5TjTVl32ifA,acc_ACMERT0001,39057,INR,netbanking,captured,742,134,38181,2026-08-20 08:20:06,2026-08-20 08:20:24,setl_uWokZ90ynINb9k,
pay_nvS9GJ1VYrfGXn,order_qnDqc7hHQOlEiD,acc_ACMERT0001,149066,INR,upi,captured,0,0,149066,2026-08-20 08:20:44,2026-08-20 08:21:07,setl_uWokZ90ynINb9k,
pay_crMmSGAlOV118a,order_trJwhvDK1SfK7D,acc_ACMERT0001,391366,INR,card,captured,7827,1409,382130,2026-08-20 09:11:20,2026-08-20 09:11:22,setl_uWokZ90ynINb9k,
pay_E3aue5diGZCBQE,order_utGWhpJzyXyTEw,acc_ACMERT0001,189116,INR,card,captured,3782,681,184653,2026-08-20 09:56:38,2026-08-20 09:56:49,setl_uWokZ90ynINb9k,
pay_2mPNVbv1R25u5T,order_k5LU8xHa8QzA1Q,acc_ACMERT0001,42867,INR,upi,captured,0,0,42867,2026-08-20 11:46:17,2026-08-20 11:46:46,setl_uWokZ90ynINb9k,
pay_8O1rTj1BJCFSYq,order_RhJ5BPwlb3x2DX,acc_ACMERT0001,424164,INR,upi,captured,0,0,424164,2026-08-20 13:24:23,2026-08-20 13:24:24,setl_uWokZ90ynINb9k,
pay_XkYanOxDf4U8pt,order_1RP853mVWVitdy,acc_ACMERT0001,19202,INR,upi,captured,0,0,19202,2026-08-20 17:26:14,2026-08-20 17:26:32,setl_uWokZ90ynINb9k,
pay_4mlsqSCqfFwLxw,order_XPHC1OR1kc81Ly,acc_ACMERT0001,163732,INR,card,captured,3275,590,159867,2026-08-20 18:41:51,2026-08-20 18:42:10,setl_uWokZ90ynINb9k,
pay_ftYXjZwDzkDaQj,order_m4lttflp2nBfUp,acc_ACMERT0001,148109,INR,card,captured,2962,533,144614,2026-08-21 07:30:10,2026-08-21 07:30:41,setl_LO9YeE14A7D64M,
pay_cq99AlkzRH1gDZ,order_fwRUgP3zZZakui,acc_ACMERT0001,169194,INR,upi,failed,0,0,0,2026-08-21 07:31:41,,,
pay_zBXdtBqVOhMZZ6,order_CGxXETv2IxhYlB,acc_ACMERT0001,70973,INR,upi,failed,0,0,0,2026-08-21 11:00:21,,,
pay_74oW757GgABXr9,order_KzLbkGk7t4M9S8,acc_ACMERT0001,3382315,INR,upi,captured,0,0,3382315,2026-08-21 11:08:42,2026-08-21 11:08:46,setl_2fATCCjV4y2NWy,
pay_TLqmG0NU3DBdDs,order_ch3FDxd4MRxqBv,acc_ACMERT0001,224673,INR,upi,captured,0,0,224673,2026-08-21 15:11:18,2026-08-21 15:11:20,setl_2fATCCjV4y2NWy,
pay_kAEvvP5gl6wtkD,order_IlWbCZNDLKSBUz,acc_ACMERT0001,34459,INR,upi,captured,0,0,34459,2026-08-21 17:30:43,2026-08-21 17:30:46,setl_2fATCCjV4y2NWy,
pay_JRzSn6EQy1DTpW,order_6gyiuW7izXu5s0,acc_ACMERT0001,825935,INR,upi,captured,0,0,825935,2026-08-21 19:34:04,2026-08-21 19:34:42,setl_2fATCCjV4y2NWy,
pay_bo4MlXpxxvG0aN,order_MWz6ePoiFmcntB,acc_ACMERT0001,97153,INR,card,captured,1943,350,94860,2026-08-21 20:09:18,2026-08-21 20:09:49,setl_2fATCCjV4y2NWy,
pay_xcjMUOZ4gyGUfv,order_7OVtBzbl8VqUPV,acc_ACMERT0001,654489,INR,netbanking,captured,12435,2238,639816,2026-08-22 10:50:12,2026-08-22 10:50:32,setl_wzrpTs5oyM4E9b,
pay_TXMPITbCE0UdsZ,order_z10UXcxzT7GOPC,acc_ACMERT0001,19567,INR,upi,captured,0,0,19567,2026-08-22 15:48:52,2026-08-22 15:49:00,setl_wzrpTs5oyM4E9b,
pay_rrDMYOugoobTuo,order_eNsUTM0DLAOMvI,acc_ACMERT0001,1052710,INR,card,captured,21054,3790,1027866,2026-08-22 17:21:20,2026-08-22 17:21:49,setl_wzrpTs5oyM4E9b,
pay_A5MruXxOgQ4R9O,order_WOuGIIzo2zFWDs,acc_ACMERT0001,96563,INR,netbanking,captured,1835,330,94398,2026-08-22 19:18:00,2026-08-22 19:18:22,setl_wzrpTs5oyM4E9b,
pay_NwKBAWbWsJVFpy,order_6IiyM82hgznnhK,acc_ACMERT0001,970137,INR,card,captured,19403,3493,947241,2026-08-22 19:35:26,2026-08-22 19:35:40,setl_wzrpTs5oyM4E9b,
pay_NGI2YpSZdxKEnW,order_7BrVSXlrGQcMz6,acc_ACMERT0001,10331,INR,card,captured,207,37,10087,2026-08-22 20:13:01,2026-08-22 20:13:10,setl_wzrpTs5oyM4E9b,
pay_pYlDGPhZM1v366,order_kpDU9eaVcRRA3H,acc_ACMERT0001,273783,INR,wallet,refunded,4791,862,268130,2026-08-22 20:16:56,2026-08-22 20:17:04,,
pay_jD2VFnISkRyqzc,order_Q2K9fOFJwfnVHx,acc_ACMERT0001,673431,INR,card,captured,13469,2424,657538,2026-08-22 21:01:09,2026-08-22 21:01:20,setl_wzrpTs5oyM4E9b,
pay_bVM4YPyJG3m26k,order_DxU3plE7T6muis,acc_ACMERT0001,47853,INR,card,refunded,957,172,46724,2026-08-22 21:29:15,2026-08-22 21:29:44,,
pay_WDPlR6gyLPAAAm,order_ObNoiNNGfMKUA8,acc_ACMERT0001,93636,INR,card,failed,0,0,0,2026-08-22 22:43:05,,,
pay_utOcMhwUcIVzpl,order_fIgiUjOFB5rwDS,acc_ACMERT0001,968278,INR,upi,captured,0,0,968278,2026-08-22 23:36:29,2026-08-22 23:36:50,,
pay_8vGerJ9I2VI3fZ,order_dCKHppqZVlS7P2,acc_ACMERT0001,169554,INR,card,captured,3391,610,165553,2026-08-23 12:02:38,2026-08-23 12:02:56,setl_HMHZm2cyxdWofT,
pay_jLaqxUGV3HzEN5,order_kwPjL2GuHxy37F,acc_ACMERT0001,705468,INR,upi,captured,0,0,705468,2026-08-23 12:30:57,2026-08-23 12:31:02,setl_HMHZm2cyxdWofT,
pay_Hsbo4xKxTst8Tk,order_KOtETCRsjVZSij,acc_ACMERT0001,469804,INR,upi,captured,0,0,469804,2026-08-23 14:01:54,2026-08-23 14:02:14,setl_HMHZm2cyxdWofT,
pay_xAQvj6pYEnqgvP,order_SeD5TFWpWqvsSC,acc_ACMERT0001,117612,INR,card,captured,2352,423,114837,2026-08-23 15:38:02,2026-08-23 15:38:12,setl_HMHZm2cyxdWofT,
pay_LnMFtKaLB35hU4,order_CXPmLZONWDaqWA,acc_ACMERT0001,96276,INR,upi,captured,0,0,96276,2026-08-23 17:32:30,2026-08-23 17:32:50,setl_HMHZm2cyxdWofT,
pay_mXgWontGtuXHEg,order_Rt7NnKRjukmXzY,acc_ACMERT0001,20297,INR,card,refunded,406,73,19818,2026-08-23 17:33:30,2026-08-23 17:33:57,,
pay_q3IpvrRJGtOChW,order_8lFau5GEFkleWB,acc_ACMERT0001,39045,INR,upi,partially_refunded,0,0,39045,2026-08-23 17:40:43,2026-08-23 17:40:55,setl_HMHZm2cyxdWofT,
pay_votnojrMXUYhPm,order_wFDK6O6a1V20YY,acc_ACMERT0001,23273,INR,upi,captured,0,0,23273,2026-08-23 18:42:02,2026-08-23 18:42:09,setl_HMHZm2cyxdWofT,
pay_fVmU16e55iHtdn,order_opLWLEDgI4YduY,acc_ACMERT0001,17628,INR,upi,refunded,0,0,17628,2026-08-23 21:05:30,2026-08-23 21:06:05,,
