settlement_id,settlement_utr,merchant_id,amount,status,type,payment_count,created_at,settled_at
setl_Al2HLzOK45yVqT,SBIN46553585125389,acc_ACMERT0001,6793153,processed,regular,8,2026-06-30 23:00:00,2026-07-02 11:00:00
setl_TSPJ0oDrK1dDNC,UTIB96120878057215,acc_ACMERT0001,3129317,processed,regular,8,2026-07-01 23:00:00,2026-07-03 10:00:00
setl_oco80CpzaBd9eZ,SBIN88608490793884,acc_ACMERT0001,467761,processed,on_demand,3,2026-07-01 23:00:00,2026-07-03 10:00:00
setl_iznQCtISRtvoKZ,KKBK62895090591191,acc_ACMERT0001,4498039,processed,regular,7,2026-07-02 23:00:00,2026-07-04 17:00:00
setl_Uhvfg8zKS8RyZA,UTIB72521452647124,acc_ACMERT0001,3822633,processed,regular,5,2026-07-03 23:00:00,2026-07-05 15:00:00
setl_z0FgrLsN1He1Ns,ICIC17942817934065,acc_ACMERT0001,421158,processed,on_demand,3,2026-07-03 23:00:00,2026-07-05 11:00:00
setl_JdRxgka9Haauyt,HDFC99512397283512,acc_ACMERT0001,9962893,processed,regular,9,2026-07-04 23:00:00,2026-07-06 18:00:00
setl_Nc7I49Y8hZ7t7s,HDFC52982173929578,acc_ACMERT0001,4701738,processed,regular,7,2026-07-05 23:00:00,2026-07-07 15:00:00
setl_Yzcwd66EZ16QTW,KKBK18158998868345,acc_ACMERT0001,1655011,processed,regular,10,2026-07-06 23:00:00,2026-07-08 11:00:00
setl_YVajIBF5f7YZSP,ICIC00720245591024,acc_ACMERT0001,160340,processed,on_demand,1,2026-07-06 23:00:00,2026-07-08 12:00:00
setl_QsQqAk5BnUkxgW,SBIN48811210314217,acc_ACMERT0001,-24413,processed,on_demand,2,2026-07-07 23:00:00,2026-07-09 14:00:00
setl_JENytFYXsXRSdH,HDFC31499825080046,acc_ACMERT0001,1366944,processed,regular,5,2026-07-07 23:00:00,2026-07-09 12:00:00
setl_Z7pY2tQunpDjTj,HDFC10912172214559,acc_ACMERT0001,790315,processed,on_demand,2,2026-07-08 23:00:00,2026-07-10 12:00:00
setl_RSc6ngD8l5oTue,PUNB37399006314035,acc_ACMERT0001,9526762,processed,regular,9,2026-07-08 23:00:00,2026-07-10 11:00:00
setl_47BRKT35Otn84P,PUNB46066643749060,acc_ACMERT0001,1322462,processed,regular,7,2026-07-09 23:00:00,2026-07-11 16:00:00
setl_k8Vq9RT7SzsIss,KKBK41163187328077,acc_ACMERT0001,364147,processed,regular,6,2026-07-10 23:00:00,2026-07-12 10:00:00
setl_VjCMXcQ7GXmXnU,SBIN09025425730662,acc_ACMERT0001,7485420,processed,regular,11,2026-07-11 23:00:00,2026-07-13 13:00:00
setl_MHsJkjJ9udhReA,KKBK80925502130609,acc_ACMERT0001,4708826,processed,regular,10,2026-07-12 23:00:00,2026-07-14 09:00:00
setl_6E7KPysRNyC6Vp,PUNB79457727853242,acc_ACMERT0001,7258734,processed,regular,7,2026-07-13 23:00:00,2026-07-15 15:00:00
setl_I2ozi1Own8zA4A,UTIB77675556283333,acc_ACMERT0001,2377280,processed,regular,9,2026-07-14 23:00:00,2026-07-16 18:00:00
setl_V9TBQu96WK3Sla,ICIC46175202389743,acc_ACMERT0001,73154,processed,on_demand,2,2026-07-14 23:00:00,2026-07-16 11:00:00
setl_PtnzjEgIPCt519,KKBK60335826862703,acc_ACMERT0001,1514979,processed,regular,8,2026-07-15 23:00:00,2026-07-17 15:00:00
setl_AuDp3ViW7FuN7W,KKBK80111000515532,acc_ACMERT0001,2438285,processed,regular,7,2026-07-16 23:00:00,2026-07-18 12:00:00
setl_tgZJk54jkAhI6N,UTIB28874312710267,acc_ACMERT0001,1418173,processed,regular,6,2026-07-17 23:00:00,2026-07-19 15:00:00
setl_F8QKw4vf4xeliN,SBIN62135415970996,acc_ACMERT0001,1784734,processed,regular,7,2026-07-18 23:00:00,2026-07-20 11:00:00
setl_AcXaOxTvZNxvag,UTIB83325848689993,acc_ACMERT0001,536643,processed,on_demand,2,2026-07-19 23:00:00,2026-07-21 15:00:00
setl_pStqCBvcrVWQDQ,HDFC58029090463766,acc_ACMERT0001,1009454,processed,regular,10,2026-07-19 23:00:00,2026-07-21 09:00:00
setl_8wUqJmFsrf6C6Q,HDFC58102131251293,acc_ACMERT0001,435512,processed,regular,6,2026-07-20 23:00:00,2026-07-22 10:00:00
setl_mWbnBXOWjC3LYW,PUNB24632037476775,acc_ACMERT0001,64435,processed,on_demand,1,2026-07-21 23:00:00,2026-07-23 12:00:00
setl_DO3vYQgNhdTim6,PUNB12110633016583,acc_ACMERT0001,1683368,processed,regular,8,2026-07-21 23:00:00,2026-07-23 16:00:00
setl_lGaflmqj4IKmSh,PUNB13253269496843,acc_ACMERT0001,790513,processed,regular,6,2026-07-22 23:00:00,2026-07-24 15:00:00
setl_deFw5UdNW0BfRW,PUNB70159591945757,acc_ACMERT0001,2839273,processed,regular,8,2026-07-23 23:00:00,2026-07-25 14:00:00
setl_4Du7Y28zD35DCj,ICIC66025626506229,acc_ACMERT0001,1647136,processed,regular,8,2026-07-24 23:00:00,2026-07-26 11:00:00
setl_LO9YeE14A7D64M,KKBK35937440394640,acc_ACMERT0001,709624,failed,on_demand,2,2026-07-24 23:00:00,2026-07-26 17:00:00
setl_2JromFMUFBB82k,UTIB05115794238736,acc_ACMERT0001,1440855,processed,regular,9,2026-07-25 23:00:00,2026-07-27 16:00:00
setl_svUxZS3ixKEebC,SBIN63353574859532,acc_ACMERT0001,3448096,processed,regular,12,2026-07-26 23:00:00,2026-07-28 14:00:00
setl_buG4gyWjNufHFD,KKBK41763425073305,acc_ACMERT0001,1323615,processed,regular,4,2026-07-27 23:00:00,2026-07-29 14:00:00
setl_66NZYXfekjvkH0,PUNB83750566186323,acc_ACMERT0001,74615,processed,on_demand,2,2026-07-28 23:00:00,2026-07-30 18:00:00
setl_ZPm97MMhsUdV4m,KKBK84366044324006,acc_ACMERT0001,1111649,processed,regular,8,2026-07-28 23:00:00,2026-07-30 10:00:00
setl_rDrmTMDskLiu9b,HDFC05875256806562,acc_ACMERT0001,5741883,processed,regular,8,2026-07-29 23:00:00,2026-07-31 14:00:00
setl_TiFe7eijgHk8Tp,HDFC55516517680866,acc_ACMERT0001,981913,processed,regular,5,2026-07-30 23:00:00,2026-08-01 11:00:00
setl_RJbdP1SoEccoWo,ICIC28556608470681,acc_ACMERT0001,7467495,processed,regular,9,2026-07-31 23:00:00,2026-08-02 09:00:00
setl_SIGxAVzAKvtfpk,KKBK71506662670551,acc_ACMERT0001,737555,processed,on_demand,1,2026-07-31 23:00:00,2026-08-02 12:00:00
setl_1kznjIa6OVNsrJ,SBIN86239453546147,acc_ACMERT0001,4844165,processed,regular,6,2026-08-01 23:00:00,2026-08-03 09:00:00
setl_73nmWKVVt1SRn4,KKBK45703943804032,acc_ACMERT0001,3302784,processed,regular,6,2026-08-02 23:00:00,2026-08-04 14:00:00
setl_JEc732Eewvmt7G,ICIC01284008385076,acc_ACMERT0001,91939,processed,on_demand,1,2026-08-02 23:00:00,2026-08-04 12:00:00
setl_KwbQ7xPvAV1au3,UTIB12198819277885,acc_ACMERT0001,3171812,processed,on_demand,3,2026-08-02 23:00:00,2026-08-04 10:00:00
setl_MsYQ28peNg4a2b,KKBK00404769210533,acc_ACMERT0001,1016046,processed,regular,9,2026-08-03 23:00:00,2026-08-05 15:00:00
setl_D774Z6nh6OV8RY,HDFC72011379844097,acc_ACMERT0001,1599935,processed,regular,10,2026-08-04 23:00:00,2026-08-06 10:00:00
setl_aK5cQe9X4rTsUE,ICIC40433700968730,acc_ACMERT0001,3945949,processed,regular,7,2026-08-05 23:00:00,2026-08-07 13:00:00
setl_juVOwAlLzxDwXs,ICIC78656194255778,acc_ACMERT0001,5772513,processed,regular,7,2026-08-06 23:00:00,2026-08-08 11:00:00
setl_Ki0Yn0Szf0A4hG,KKBK08190482357155,acc_ACMERT0001,1118560,processed,regular,4,2026-08-07 23:00:00,2026-08-09 17:00:00
setl_fQDZ5vNUx2E99q,KKBK88558298493306,acc_ACMERT0001,26709,processed,on_demand,1,2026-08-07 23:00:00,2026-08-09 12:00:00
setl_S5WmTa5YGZgFj6,HDFC43643813000413,acc_ACMERT0001,3073118,processed,regular,4,2026-08-08 23:00:00,2026-08-10 11:00:00
setl_70yvQTCUUOrjjW,ICIC19646300402369,acc_ACMERT0001,149569,processed,on_demand,1,2026-08-08 23:00:00,2026-08-10 12:00:00
setl_sulTf3i7HMM2gx,HDFC14551293913044,acc_ACMERT0001,511793,processed,on_demand,2,2026-08-09 23:00:00,2026-08-11 17:00:00
setl_MtvyxntBNL6EON,KKBK07075504768169,acc_ACMERT0001,605033,processed,regular,9,2026-08-09 23:00:00,2026-08-11 18:00:00
setl_U1TO7gDyVvpMEc,SBIN48739610290871,acc_ACMERT0001,2788331,processed,regular,9,2026-08-10 23:00:00,2026-08-12 17:00:00
setl_HFl5Cs2kcsMvBh,PUNB21377306260423,acc_ACMERT0001,4594876,processed,regular,6,2026-08-11 23:00:00,2026-08-13 14:00:00
setl_MKbCFxYSBbTH5S,SBIN81670468611145,acc_ACMERT0001,1882939,processed,regular,8,2026-08-12 23:00:00,2026-08-14 16:00:00
setl_CQIxJqEeYQlLAh,KKBK03324260508018,acc_ACMERT0001,1026745,processed,regular,6,2026-08-13 23:00:00,2026-08-15 13:00:00
setl_EEEnglyJOOI2Ze,ICIC28217819236534,acc_ACMERT0001,823307,processed,regular,10,2026-08-14 23:00:00,2026-08-16 15:00:00
setl_M13oV6iEN8YG4A,PUNB23984716906181,acc_ACMERT0001,1573551,processed,regular,8,2026-08-15 23:00:00,2026-08-17 11:00:00
setl_u6t28EGFyW31SL,PUNB89992751758891,acc_ACMERT0001,4486364,processed,regular,5,2026-08-16 23:00:00,2026-08-18 13:00:00
setl_mwtm0vHRArqMBQ,PUNB39243588537982,acc_ACMERT0001,9295048,processed,regular,7,2026-08-17 23:00:00,2026-08-19 10:00:00
setl_FxpzETr7KDIvjq,KKBK14168601347789,acc_ACMERT0001,1163236,processed,regular,7,2026-08-18 23:00:00,2026-08-20 13:00:00
setl_ilhxWZdc2ergJI,SBIN21630900159446,acc_ACMERT0001,3092001,processed,regular,6,2026-08-19 23:00:00,2026-08-21 12:00:00
setl_uWokZ90ynINb9k,HDFC99471136337922,acc_ACMERT0001,1400130,processed,regular,8,2026-08-20 23:00:00,2026-08-22 12:00:00
setl_2fATCCjV4y2NWy,HDFC84376855078967,acc_ACMERT0001,4562242,processed,regular,5,2026-08-21 23:00:00,2026-08-23 18:00:00
setl_wzrpTs5oyM4E9b,PUNB93170695560767,acc_ACMERT0001,3396513,processed,regular,7,2026-08-22 23:00:00,2026-08-24 15:00:00
setl_HMHZm2cyxdWofT,ICIC19804184724264,acc_ACMERT0001,1595818,processed,regular,7,2026-08-23 23:00:00,2026-08-25 11:00:00
